Workbook
Name SAT_WATCH: Satellite_Watchlist!$B$1:$D$998

Sheet Dashboard
A1: 📊 Portfolio Dashboard | I1: 🕒 Last Transacted Date: 02 Jun 2026
A3: Portfolio Summary | D3: Trading Performance | I3: 📈 Benchmark Returns (Since Invest Start)
A4: Metric | B4: Value | D4: Metric | E4: Realized (Closed) | F4: Unrealized (Open) | I4: Index Tracker (ETF) | J4: Start Price (₹) | K4: LTP (₹) | L4: Return %
A5: Total Invested Value | B5: =SUM(Current_Portfolio!$L$2:$L$1000) -> 4797975.8 | D5: Winning Trades | E5: =COUNTIF(Overall_Portfolio!$P$2:$P$1000, ">0") -> 6 | F5: =COUNTIF(Current_Portfolio!$U$2:$U$1000, ">0") -> 35 | I5: NIFTY_50 | J5: 24625.05 | K5: =IFERROR(INDEX(Price_Update!$F:$F, MATCH(I5, Price_Update!$A:$A, 0)), 23483.55) -> 23483.55 | L5: =(K5-J5)/J5 -> -0.046355236
A6: Total Current Value | B6: =SUM(Current_Portfolio!$T$2:$T$1000) -> 5334209.9 | D6: Losing Trades | E6: =COUNTIF(Overall_Portfolio!$P$2:$P$1000, "<0") -> 41 | F6: =COUNTIF(Current_Portfolio!$U$2:$U$1000, "<0") -> 25 | I6: CNXMIDCAP | J6: 16033.55 | K6: =IFERROR(INDEX(Price_Update!$F:$F, MATCH(I6, Price_Update!$A:$A, 0)), 17287.3) -> 17287.3 | L6: =(K6-J6)/J6 -> 0.078195409
A7: Unrealized PnL | B7: =B6-B5 -> 536234.1 | D7: Win / Loss Ratio | E7: =IF(E6>0, E5/E6, IF(E5>0, "No Loss", 0)) -> 0.14634146 | F7: =IF(F6>0, F5/F6, IF(F5>0, "No Loss", 0)) -> 1.4
A8: Realized PnL | B8: =SUM(Overall_Portfolio!$P$2:$P$1000) -> -426233.83 | D8: Avg Win (₹) | E8: =IF(E5>0, SUMIF(Overall_Portfolio!$P$2:$P$1000, ">0")/E5, 0) -> 2800.56 | F8: =IF(F5>0, SUMIF(Current_Portfolio!$U$2:$U$1000, ">0")/F5, 0) -> 16967.158
A9: Combined PnL | B9: =B7+B8 -> 110000.27 | D9: Avg Loss (₹) | E9: =IF(E6>0, SUMIF(Overall_Portfolio!$P$2:$P$1000, "<0")/E6, 0) -> -10805.785 | F9: =IF(F6>0, SUMIF(Current_Portfolio!$U$2:$U$1000, "<0")/F6, 0) -> -2304.6576 | I9: Allocation by Market Cap
A10: Combined PnL % | B10: =IF(B5>0, B9/B5, 0) -> 0.022926391 | D10: Risk / Reward Ratio | E10: =IF(E9<0, ABS(E8/E9), 0) -> 0.25917228 | F10: =IF(F9<0, ABS(F8/F9), 0) -> 7.3621167 | I10: Market Cap | J10: Invested (₹) | K10: % of Total | L10: Returns
A11: Core Allocation (%) | B11: =IF(B5>0, SUMIF(Current_Portfolio!$D$2:$D$1000, "Core", Current_Portfolio!$L$2:$L$1000) / B5, 0) -> 0.57352989 | I11: Small Cap | J11: =SUMIF(Current_Portfolio!$B$2:$B$1000, "Small Cap", Current_Portfolio!$L$2:$L$1000) -> 2126996.7 | K11: =J11/$J$14 -> 0.44331127 | L11: =(SUMIF(Current_Portfolio!$B$2:$B$1000, "Small Cap", Current_Portfolio!$T$2:$T$1000) - J11) / J11 -> 0.11581849
A12: Satellite Allocation (%) | B12: =IF(B5>0, SUMIF(Current_Portfolio!$D$2:$D$1000, "Satellite", Current_Portfolio!$L$2:$L$1000) / B5, 0) -> 0.42647011 | E12: Advancing | F12: Declining | I12: Large Cap | J12: =SUMIF(Current_Portfolio!$B$2:$B$1000, "Large Cap", Current_Portfolio!$L$2:$L$1000) -> 1722033.7 | K12: =J12/$J$14 -> 0.35890838 | L12: =(SUMIF(Current_Portfolio!$B$2:$B$1000, "Large Cap", Current_Portfolio!$T$2:$T$1000) - J12) / J12 -> 0.15475051
A13: Active Holdings | B13: =COUNTA(Current_Portfolio!$A$2:$A$1000) -> 60 | D13: Core (Previous month close) | E13: =SUMPRODUCT((Current_Portfolio!$D$2:$D$1000="Core")*(Current_Portfolio!$M$2:$M$1000>Current_Portfolio!$AA$2:$AA$1000)*(Current_Portfolio!$M$2:$M$1000>0)) -> 15 | F13: =SUMPRODUCT((Current_Portfolio!$D$2:$D$1000="Core")*(Current_Portfolio!$M$2:$M$1000<=Current_Portfolio!$AA$2:$AA$1000)*(Current_Portfolio!$M$2:$M$1000>0)) -> 23 | I13: Mid Cap | J13: =SUMIF(Current_Portfolio!$B$2:$B$1000, "Mid Cap", Current_Portfolio!$L$2:$L$1000) -> 948945.36 | K13: =J13/$J$14 -> 0.19778036 | L13: =(SUMIF(Current_Portfolio!$B$2:$B$1000, "Mid Cap", Current_Portfolio!$T$2:$T$1000) - J13) / J13 -> 0.024662052
A14: Total Stocks Traded | B14: =COUNTA(Overall_Portfolio!$A$2:$A$1000) -> 100 | D14: Satellite (Previous week close) | E14: =SUMPRODUCT((Current_Portfolio!$D$2:$D$1000="Satellite")*(Current_Portfolio!$M$2:$M$1000>Current_Portfolio!$O$2:$O$1000)*(Current_Portfolio!$M$2:$M$1000>0)) -> 11 | F14: =SUMPRODUCT((Current_Portfolio!$D$2:$D$1000="Satellite")*(Current_Portfolio!$M$2:$M$1000<=Current_Portfolio!$O$2:$O$1000)*(Current_Portfolio!$M$2:$M$1000>0)) -> 11 | I14: TOTAL | J14: =SUM(J11:J13) -> 4797975.8 | K14: 1 | L14: =(SUM(Current_Portfolio!$T$2:$T$1000) - J14) / J14 -> 0.11176257
D15: Core (Previous Close) | E15: =SUMPRODUCT((Current_Portfolio!$D$2:$D$1000="Core")*(Current_Portfolio!$M$2:$M$1000>Current_Portfolio!$N$2:$N$1000)*(Current_Portfolio!$M$2:$M$1000>0)) -> 19 | F15: =SUMPRODUCT((Current_Portfolio!$D$2:$D$1000="Core")*(Current_Portfolio!$M$2:$M$1000<=Current_Portfolio!$N$2:$N$1000)*(Current_Portfolio!$M$2:$M$1000>0)) -> 19
D16: Satellite (Previous Close) | E16: =SUMPRODUCT((Current_Portfolio!$D$2:$D$1000="Satellite")*(Current_Portfolio!$M$2:$M$1000>Current_Portfolio!$N$2:$N$1000)*(Current_Portfolio!$M$2:$M$1000>0)) -> 6 | F16: =SUMPRODUCT((Current_Portfolio!$D$2:$D$1000="Satellite")*(Current_Portfolio!$M$2:$M$1000<=Current_Portfolio!$N$2:$N$1000)*(Current_Portfolio!$M$2:$M$1000>0)) -> 16
A17: Top 5 Gainers / Bottom 5 Losers (Satellite) | I17: Core & Satellite Distribution
A18: Symbol | B18: Classification | C18: Invested (₹) | D18: Current (₹) | E18: PnL (₹) | F18: PnL % | I18: Classification | J18: Invested (₹) | K18: % of Total
A19: HINDALCO | B19: Satellite | C19: =VLOOKUP(A19, Current_Portfolio!$A$2:$Z$1000, 12, FALSE) -> 306836.4 | D19: =VLOOKUP(A19, Current_Portfolio!$A$2:$Z$1000, 20, FALSE) -> 387226 | E19: =D19-C19 -> 80389.6 | F19: =IF(C19>0, E19/C19, 0) -> 0.26199499 | I19: Core | J19: =SUMIF(Current_Portfolio!$D$2:$D$1000, "Core", Current_Portfolio!$L$2:$L$1000) -> 2751782.5 | K19: =J19/$J$21 -> 0.57352989
A20: CUPID | B20: Satellite | C20: =VLOOKUP(A20, Current_Portfolio!$A$2:$Z$1000, 12, FALSE) -> 178375.5 | D20: =VLOOKUP(A20, Current_Portfolio!$A$2:$Z$1000, 20, FALSE) -> 236885 | E20: =D20-C20 -> 58509.5 | F20: =IF(C20>0, E20/C20, 0) -> 0.3280131 | I20: Satellite | J20: =SUMIF(Current_Portfolio!$D$2:$D$1000, "Satellite", Current_Portfolio!$L$2:$L$1000) -> 2046193.2 | K20: =J20/$J$21 -> 0.42647011
A21: APOLLO | B21: Satellite | C21: =VLOOKUP(A21, Current_Portfolio!$A$2:$Z$1000, 12, FALSE) -> 200387.96 | D21: =VLOOKUP(A21, Current_Portfolio!$A$2:$Z$1000, 20, FALSE) -> 226597.8 | E21: =D21-C21 -> 26209.84 | F21: =IF(C21>0, E21/C21, 0) -> 0.13079548 | I21: TOTAL | J21: =SUM(J19:J20) -> 4797975.8 | K21: 1
A22: BALAMINES | B22: Satellite | C22: =VLOOKUP(A22, Current_Portfolio!$A$2:$Z$1000, 12, FALSE) -> 98687.68 | D22: =VLOOKUP(A22, Current_Portfolio!$A$2:$Z$1000, 20, FALSE) -> 118843.2 | E22: =D22-C22 -> 20155.52 | F22: =IF(C22>0, E22/C22, 0) -> 0.20423542
A23: SEAMECLTD | B23: Satellite | C23: =VLOOKUP(A23, Current_Portfolio!$A$2:$Z$1000, 12, FALSE) -> 56862.54 | D23: =VLOOKUP(A23, Current_Portfolio!$A$2:$Z$1000, 20, FALSE) -> 67926.6 | E23: =D23-C23 -> 11064.06 | F23: =IF(C23>0, E23/C23, 0) -> 0.19457555
A24: THERMAX | B24: Satellite | C24: =VLOOKUP(A24, Current_Portfolio!$A$2:$Z$1000, 12, FALSE) -> 54590.58 | D24: =VLOOKUP(A24, Current_Portfolio!$A$2:$Z$1000, 20, FALSE) -> 52629.5 | E24: =D24-C24 -> -1961.08 | F24: =IF(C24>0, E24/C24, 0) -> -0.035923414 | I24: Allocation by Sector
A25: AUROPHARMA | B25: Satellite | C25: =VLOOKUP(A25, Current_Portfolio!$A$2:$Z$1000, 12, FALSE) -> 49684.8 | D25: =VLOOKUP(A25, Current_Portfolio!$A$2:$Z$1000, 20, FALSE) -> 47533.2 | E25: =D25-C25 -> -2151.6 | F25: =IF(C25>0, E25/C25, 0) -> -0.043304995 | I25: Sector | J25: Invested (₹) | K25: % of Total
A26: NRBBEARING | B26: Satellite | C26: =VLOOKUP(A26, Current_Portfolio!$A$2:$Z$1000, 12, FALSE) -> 50270.01 | D26: =VLOOKUP(A26, Current_Portfolio!$A$2:$Z$1000, 20, FALSE) -> 47527.55 | E26: =D26-C26 -> -2742.46 | F26: =IF(C26>0, E26/C26, 0) -> -0.054554594 | I26: Industrial | J26: =SUMIF(Current_Portfolio!$C$2:$C$1000, "Industrial", Current_Portfolio!$L$2:$L$1000) -> 2356830.7 | K26: =J26/$J$33 -> 0.49121354
A27: AJANTPHARM | B27: Satellite | C27: =VLOOKUP(A27, Current_Portfolio!$A$2:$Z$1000, 12, FALSE) -> 43885.24 | D27: =VLOOKUP(A27, Current_Portfolio!$A$2:$Z$1000, 20, FALSE) -> 41008.8 | E27: =D27-C27 -> -2876.44 | F27: =IF(C27>0, E27/C27, 0) -> -0.065544589 | I27: Health / Pharma / Chem | J27: =SUMIF(Current_Portfolio!$C$2:$C$1000, "Health / Pharma / Chem", Current_Portfolio!$L$2:$L$1000) -> 760481.96 | K27: =J27/$J$33 -> 0.15850058
A28: SUNPHARMA | B28: Satellite | C28: =VLOOKUP(A28, Current_Portfolio!$A$2:$Z$1000, 12, FALSE) -> 49379.2 | D28: =VLOOKUP(A28, Current_Portfolio!$A$2:$Z$1000, 20, FALSE) -> 46501 | E28: =D28-C28 -> -2878.2 | F28: =IF(C28>0, E28/C28, 0) -> -0.0582877 | I28: Consumption | J28: =SUMIF(Current_Portfolio!$C$2:$C$1000, "Consumption ", Current_Portfolio!$L$2:$L$1000) -> 536000.37 | K28: =J28/$J$33 -> 0.11171385
I29: Consumption | J29: =SUMIF(Current_Portfolio!$C$2:$C$1000, "Consumption", Current_Portfolio!$L$2:$L$1000) -> 533367.59 | K29: =J29/$J$33 -> 0.11116513
I30: Finance | J30: =SUMIF(Current_Portfolio!$C$2:$C$1000, "Finance", Current_Portfolio!$L$2:$L$1000) -> 401059.84 | K30: =J30/$J$33 -> 0.083589384
A31: Top 5 Gainers / Bottom 5 Losers (Core) | I31: Tech / Platform / IT | J31: =SUMIF(Current_Portfolio!$C$2:$C$1000, "Tech / Platform / IT", Current_Portfolio!$L$2:$L$1000) -> 150791.12 | K31: =J31/$J$33 -> 0.03142807
A32: Symbol | B32: Classification | C32: Invested (₹) | D32: Current (₹) | E32: PnL (₹) | F32: PnL % | I32: Technology | J32: =SUMIF(Current_Portfolio!$C$2:$C$1000, "Technology", Current_Portfolio!$L$2:$L$1000) -> 59444.25 | K32: =J32/$J$33 -> 0.012389443
A33: TDPOWERSYS | B33: Core | C33: =VLOOKUP(A33, Current_Portfolio!$A$2:$Z$1000, 12, FALSE) -> 305010.99 | D33: =VLOOKUP(A33, Current_Portfolio!$A$2:$Z$1000, 20, FALSE) -> 412902.3 | E33: =D33-C33 -> 107891.31 | F33: =IF(C33>0, E33/C33, 0) -> 0.35372925 | I33: TOTAL | J33: =SUM(J26:J32) -> 4797975.8 | K33: 1
A34: POLYCAB | B34: Core | C34: =VLOOKUP(A34, Current_Portfolio!$A$2:$Z$1000, 12, FALSE) -> 414743.02 | D34: =VLOOKUP(A34, Current_Portfolio!$A$2:$Z$1000, 20, FALSE) -> 507289.5 | E34: =D34-C34 -> 92546.48 | F34: =IF(C34>0, E34/C34, 0) -> 0.22314174
A35: FEDERALBNK | B35: Core | C35: =VLOOKUP(A35, Current_Portfolio!$A$2:$Z$1000, 12, FALSE) -> 300289.84 | D35: =VLOOKUP(A35, Current_Portfolio!$A$2:$Z$1000, 20, FALSE) -> 352830.6 | E35: =D35-C35 -> 52540.76 | F35: =IF(C35>0, E35/C35, 0) -> 0.17496683
A36: GVT&D | B36: Core | C36: =VLOOKUP(A36, Current_Portfolio!$A$2:$Z$1000, 12, FALSE) -> 228571.75 | D36: =VLOOKUP(A36, Current_Portfolio!$A$2:$Z$1000, 20, FALSE) -> 273047.5 | E36: =D36-C36 -> 44475.75 | F36: =IF(C36>0, E36/C36, 0) -> 0.19458113 | I36: Sector Allocation (Core vs Satellite)
A37: BSE | B37: Core | C37: =VLOOKUP(A37, Current_Portfolio!$A$2:$Z$1000, 12, FALSE) -> 100770 | D37: =VLOOKUP(A37, Current_Portfolio!$A$2:$Z$1000, 20, FALSE) -> 118983 | E37: =D37-C37 -> 18213 | F37: =IF(C37>0, E37/C37, 0) -> 0.18073831 | I37: Sector | J37: Core (₹) | K37: Satellite (₹) | L37: Total (₹)
A38: M&M | B38: Core | C38: =VLOOKUP(A38, Current_Portfolio!$A$2:$Z$1000, 12, FALSE) -> 50032 | D38: =VLOOKUP(A38, Current_Portfolio!$A$2:$Z$1000, 20, FALSE) -> 48177.6 | E38: =D38-C38 -> -1854.4 | F38: =IF(C38>0, E38/C38, 0) -> -0.037064279 | I38: Industrial | J38: =SUMIFS(Current_Portfolio!$L$2:$L$1000, Current_Portfolio!$C$2:$C$1000, "Industrial", Current_Portfolio!$D$2:$D$1000, "*Core*") -> 1108767.6 | K38: =SUMIFS(Current_Portfolio!$L$2:$L$1000, Current_Portfolio!$C$2:$C$1000, "Industrial", Current_Portfolio!$D$2:$D$1000, "*Satellite*") -> 1248063.1 | L38: =J38+K38 -> 2356830.7
A39: TRITURBINE | B39: Core | C39: =VLOOKUP(A39, Current_Portfolio!$A$2:$Z$1000, 12, FALSE) -> 78698.76 | D39: =VLOOKUP(A39, Current_Portfolio!$A$2:$Z$1000, 20, FALSE) -> 76248.9 | E39: =D39-C39 -> -2449.86 | F39: =IF(C39>0, E39/C39, 0) -> -0.031129588 | I39: Health / Pharma / Chem | J39: =SUMIFS(Current_Portfolio!$L$2:$L$1000, Current_Portfolio!$C$2:$C$1000, "Health / Pharma / Chem", Current_Portfolio!$D$2:$D$1000, "*Core*") -> 367313.89 | K39: =SUMIFS(Current_Portfolio!$L$2:$L$1000, Current_Portfolio!$C$2:$C$1000, "Health / Pharma / Chem", Current_Portfolio!$D$2:$D$1000, "*Satellite*") -> 393168.07 | L39: =J39+K39 -> 760481.96
A40: HBLENGINE | B40: Core | C40: =VLOOKUP(A40, Current_Portfolio!$A$2:$Z$1000, 12, FALSE) -> 32030.53 | D40: =VLOOKUP(A40, Current_Portfolio!$A$2:$Z$1000, 20, FALSE) -> 29091.25 | E40: =D40-C40 -> -2939.28 | F40: =IF(C40>0, E40/C40, 0) -> -0.091764951 | I40: Consumption | J40: =SUMIFS(Current_Portfolio!$L$2:$L$1000, Current_Portfolio!$C$2:$C$1000, "Consumption ", Current_Portfolio!$D$2:$D$1000, "*Core*") -> 536000.37 | K40: =SUMIFS(Current_Portfolio!$L$2:$L$1000, Current_Portfolio!$C$2:$C$1000, "Consumption ", Current_Portfolio!$D$2:$D$1000, "*Satellite*") -> 0 | L40: =J40+K40 -> 536000.37
A41: APLAPOLLO | B41: Core | C41: =VLOOKUP(A41, Current_Portfolio!$A$2:$Z$1000, 12, FALSE) -> 201676.8 | D41: =VLOOKUP(A41, Current_Portfolio!$A$2:$Z$1000, 20, FALSE) -> 173318.4 | E41: =D41-C41 -> -28358.4 | F41: =IF(C41>0, E41/C41, 0) -> -0.1406131 | I41: Consumption | J41: =SUMIFS(Current_Portfolio!$L$2:$L$1000, Current_Portfolio!$C$2:$C$1000, "Consumption", Current_Portfolio!$D$2:$D$1000, "*Core*") -> 279196.59 | K41: =SUMIFS(Current_Portfolio!$L$2:$L$1000, Current_Portfolio!$C$2:$C$1000, "Consumption", Current_Portfolio!$D$2:$D$1000, "*Satellite*") -> 254171 | L41: =J41+K41 -> 533367.59
I42: Finance | J42: =SUMIFS(Current_Portfolio!$L$2:$L$1000, Current_Portfolio!$C$2:$C$1000, "Finance", Current_Portfolio!$D$2:$D$1000, "*Core*") -> 401059.84 | K42: =SUMIFS(Current_Portfolio!$L$2:$L$1000, Current_Portfolio!$C$2:$C$1000, "Finance", Current_Portfolio!$D$2:$D$1000, "*Satellite*") -> 0 | L42: =J42+K42 -> 401059.84
I43: Tech / Platform / IT | J43: =SUMIFS(Current_Portfolio!$L$2:$L$1000, Current_Portfolio!$C$2:$C$1000, "Tech / Platform / IT", Current_Portfolio!$D$2:$D$1000, "*Core*") -> 0 | K43: =SUMIFS(Current_Portfolio!$L$2:$L$1000, Current_Portfolio!$C$2:$C$1000, "Tech / Platform / IT", Current_Portfolio!$D$2:$D$1000, "*Satellite*") -> 150791.12 | L43: =J43+K43 -> 150791.12
A44: ⚠️ Stocks Nearest to Stop Loss | I44: Technology | J44: =SUMIFS(Current_Portfolio!$L$2:$L$1000, Current_Portfolio!$C$2:$C$1000, "Technology", Current_Portfolio!$D$2:$D$1000, "*Core*") -> 59444.25 | K44: =SUMIFS(Current_Portfolio!$L$2:$L$1000, Current_Portfolio!$C$2:$C$1000, "Technology", Current_Portfolio!$D$2:$D$1000, "*Satellite*") -> 0 | L44: =J44+K44 -> 59444.25
A45: Symbol | B45: Classification | C45: LTP | D45: SL | E45: Diff (₹) | F45: Diff (%) | G45: Tranche | I45: TOTAL | J45: =SUM(J38:J44) -> 2751782.5 | K45: =SUM(K38:K44) -> 2046193.2 | L45: =SUM(L38:L44) -> 4797975.8
A46: CGPOWER | B46: Satellite | C46: =VLOOKUP(A46, Current_Portfolio!$A$2:$Z$1000, 13, FALSE) -> 906.65 | D46: =VLOOKUP(A46, Current_Portfolio!$A$2:$Z$1000, 9, FALSE) -> 904.76 | E46: =C46-D46 -> 1.89 | F46: =IF(C46>0, E46/C46, 0) -> 0.0020845971 | G46: =VLOOKUP(A46, Current_Portfolio!$A$2:$Z$1000, 5, FALSE) -> Tranch 2
A47: AJANTPHARM | B47: Satellite | C47: =VLOOKUP(A47, Current_Portfolio!$A$2:$Z$1000, 13, FALSE) -> 2929.2 | D47: =VLOOKUP(A47, Current_Portfolio!$A$2:$Z$1000, 9, FALSE) -> 2821.19 | E47: =C47-D47 -> 108.01 | F47: =IF(C47>0, E47/C47, 0) -> 0.036873549 | G47: =VLOOKUP(A47, Current_Portfolio!$A$2:$Z$1000, 5, FALSE) -> Cheat 2
A48: SFL | B48: Satellite | C48: =VLOOKUP(A48, Current_Portfolio!$A$2:$Z$1000, 13, FALSE) -> 599.35 | D48: =VLOOKUP(A48, Current_Portfolio!$A$2:$Z$1000, 9, FALSE) -> 575.28 | E48: =C48-D48 -> 24.07 | F48: =IF(C48>0, E48/C48, 0) -> 0.040160174 | G48: =VLOOKUP(A48, Current_Portfolio!$A$2:$Z$1000, 5, FALSE) -> Cheat 1 | I48: PnL Breakdown by Cap
A49: SUNPHARMA | B49: Satellite | C49: =VLOOKUP(A49, Current_Portfolio!$A$2:$Z$1000, 13, FALSE) -> 1788.5 | D49: =VLOOKUP(A49, Current_Portfolio!$A$2:$Z$1000, 9, FALSE) -> 1709.28 | E49: =C49-D49 -> 79.22 | F49: =IF(C49>0, E49/C49, 0) -> 0.044294101 | G49: =VLOOKUP(A49, Current_Portfolio!$A$2:$Z$1000, 5, FALSE) -> Cheat 1 | I49: Cap | J49: Realized PnL | K49: Unrealized PnL | L49: Total PnL
A50: NRBBEARING | B50: Satellite | C50: =VLOOKUP(A50, Current_Portfolio!$A$2:$Z$1000, 13, FALSE) -> 357.35 | D50: =VLOOKUP(A50, Current_Portfolio!$A$2:$Z$1000, 9, FALSE) -> 340.17 | E50: =C50-D50 -> 17.18 | F50: =IF(C50>0, E50/C50, 0) -> 0.048076116 | G50: =VLOOKUP(A50, Current_Portfolio!$A$2:$Z$1000, 5, FALSE) -> Cheat 2 | J50: =SUMIF(Overall_Portfolio!$B$2:$B$1000, "", Overall_Portfolio!$P$2:$P$1000) -> -578.68 | K50: =SUMIF(Current_Portfolio!$B$2:$B$1000, "", Current_Portfolio!$U$2:$U$1000) -> 0 | L50: =J50+K50 -> -578.68
A51: AUROPHARMA | B51: Satellite | C51: =VLOOKUP(A51, Current_Portfolio!$A$2:$Z$1000, 13, FALSE) -> 1440.4 | D51: =VLOOKUP(A51, Current_Portfolio!$A$2:$Z$1000, 9, FALSE) -> 1355.04 | E51: =C51-D51 -> 85.36 | F51: =IF(C51>0, E51/C51, 0) -> 0.059261316 | G51: =VLOOKUP(A51, Current_Portfolio!$A$2:$Z$1000, 5, FALSE) -> Cheat 1 | I51: Large Cap | J51: =SUMIF(Overall_Portfolio!$B$2:$B$1000, "Large Cap", Overall_Portfolio!$P$2:$P$1000) -> -137923.3 | K51: =SUMIF(Current_Portfolio!$B$2:$B$1000, "Large Cap", Current_Portfolio!$U$2:$U$1000) -> 266485.6 | L51: =J51+K51 -> 128562.3
A52: THERMAX | B52: Satellite | C52: =VLOOKUP(A52, Current_Portfolio!$A$2:$Z$1000, 13, FALSE) -> 4784.5 | D52: =VLOOKUP(A52, Current_Portfolio!$A$2:$Z$1000, 9, FALSE) -> 4466.5 | E52: =C52-D52 -> 318 | F52: =IF(C52>0, E52/C52, 0) -> 0.066464625 | G52: =VLOOKUP(A52, Current_Portfolio!$A$2:$Z$1000, 5, FALSE) -> Cheat 2 | I52: Mid Cap | J52: =SUMIF(Overall_Portfolio!$B$2:$B$1000, "Mid Cap", Overall_Portfolio!$P$2:$P$1000) -> -71719.22 | K52: =SUMIF(Current_Portfolio!$B$2:$B$1000, "Mid Cap", Current_Portfolio!$U$2:$U$1000) -> 23402.94 | L52: =J52+K52 -> -48316.28
A53: APOLLO | B53: Satellite | C53: =VLOOKUP(A53, Current_Portfolio!$A$2:$Z$1000, 13, FALSE) -> 407.55 | D53: =VLOOKUP(A53, Current_Portfolio!$A$2:$Z$1000, 9, FALSE) -> 376.96 | E53: =C53-D53 -> 30.59 | F53: =IF(C53>0, E53/C53, 0) -> 0.075058275 | G53: =VLOOKUP(A53, Current_Portfolio!$A$2:$Z$1000, 5, FALSE) -> Tranch 2 | I53: Small Cap | J53: =SUMIF(Overall_Portfolio!$B$2:$B$1000, "Small Cap", Overall_Portfolio!$P$2:$P$1000) -> -216012.63 | K53: =SUMIF(Current_Portfolio!$B$2:$B$1000, "Small Cap", Current_Portfolio!$U$2:$U$1000) -> 246345.56 | L53: =J53+K53 -> 30332.93
A54: ZYDUSLIFE | B54: Satellite | C54: =VLOOKUP(A54, Current_Portfolio!$A$2:$Z$1000, 13, FALSE) -> 1076.6 | D54: =VLOOKUP(A54, Current_Portfolio!$A$2:$Z$1000, 9, FALSE) -> 983.16 | E54: =C54-D54 -> 93.44 | F54: =IF(C54>0, E54/C54, 0) -> 0.086791752 | G54: =VLOOKUP(A54, Current_Portfolio!$A$2:$Z$1000, 5, FALSE) -> Cheat 1 | I54: TOTAL | J54: =SUM(J50:J53) -> -426233.83 | K54: =SUM(K50:K53) -> 536234.1 | L54: =SUM(L50:L53) -> 110000.27
A55: NETWEB | B55: Satellite | C55: =VLOOKUP(A55, Current_Portfolio!$A$2:$Z$1000, 13, FALSE) -> 4705.3 | D55: =VLOOKUP(A55, Current_Portfolio!$A$2:$Z$1000, 9, FALSE) -> 4139.21 | E55: =C55-D55 -> 566.09 | F55: =IF(C55>0, E55/C55, 0) -> 0.12030901 | G55: =VLOOKUP(A55, Current_Portfolio!$A$2:$Z$1000, 5, FALSE) -> Cheat 1
I57: Tranche Distribution
A58: 🔔 Corporate Actions (Splits / Bonus) | I58: Tranche | J58: Count | K58: % of Holdings
A59: Symbol | B59: Split / Bonus Details | C59: Adj Required | I59: Cheat 1 | J59: 35 | K59: 0.58333333
A60: CUPID | B60: 5:1 Split on 2026-03-09 | C60: No | I60: Cheat 2 | J60: 9 | K60: 0.15
A61: METROPOLIS | B61: 4:1 Split on 2026-03-20 | C61: No | I61: Cheat 4 | J61: 1 | K61: 0.016666667
A62: METROPOLIS | B62: 4:1 Split on 2026-03-20 | C62: No | I62: Tranch 1 | J62: 6 | K62: 0.1
I63: Tranch 2 | J63: 5 | K63: 0.083333333
I64: Tranch 3 | J64: 2 | K64: 0.033333333
A65: Top 5 Cheat Stocks by Holding Period | I65: Tranch 4 | J65: 2 | K65: 0.033333333
A66: Stock Name | B66: Cheat | C66: Holding Period (Days) | D66: Invested Value | E66: Current Value | F66: Return % | G66: XIRR
A67: GPIL | B67: Cheat 2 | C67: 220 | D67: 76932.24 | E67: 79005 | F67: 0.026942671 | G67: 0.045640341
A68: GAEL | B68: Cheat 2 | C68: 153 | D68: 50227.5 | E68: 55386 | F68: 0.1027027 | G68: 0.27679997 | I68: Holding Period Distribution
A69: AJANTPHARM | B69: Cheat 2 | C69: 150 | D69: 43885.24 | E69: 41008.8 | F69: -0.065544589 | G69: -0.38839257 | I69: Period | J69: Count | K69: % of Holdings
A70: SEAMECLTD | B70: Cheat 4 | C70: 125 | D70: 56862.54 | E70: 67926.6 | F70: 0.19457555 | G70: 0.8254356 | I70: 0 - 30 days | J70: 42 | K70: 0.7
A71: CCL | B71: Cheat 1 | C71: 87 | D71: 50624.84 | E71: 52831.8 | F71: 0.043594409 | G71: 0.19607044 | I71: 31 - 90 days | J71: 6 | K71: 0.1
I72: 91 - 180 days | J72: 8 | K72: 0.13333333
I73: 180+ days | J73: 4 | K73: 0.066666667
I76: Top 10 Movers (Current Portfolio)
I77: Symbol | J77: Prev Week Close | K77: LTP | L77: % Change
I78: BALAMINES | J78: =VLOOKUP(I78, Current_Portfolio!$A$2:$Z$1000, 15, FALSE) -> 1775.6 | K78: =VLOOKUP(I78, Current_Portfolio!$A$2:$Z$1000, 13, FALSE) -> 2122.2 | L78: =IF(J78>0, (K78-J78)/J78, 0) -> 0.19520162
I79: SKIPPER | J79: =VLOOKUP(I79, Current_Portfolio!$A$2:$Z$1000, 15, FALSE) -> 549.35 | K79: =VLOOKUP(I79, Current_Portfolio!$A$2:$Z$1000, 13, FALSE) -> 570.5 | L79: =IF(J79>0, (K79-J79)/J79, 0) -> 0.038500046
I80: TATATECH | J80: =VLOOKUP(I80, Current_Portfolio!$A$2:$Z$1000, 15, FALSE) -> 705.3 | K80: =VLOOKUP(I80, Current_Portfolio!$A$2:$Z$1000, 13, FALSE) -> 731.05 | L80: =IF(J80>0, (K80-J80)/J80, 0) -> 0.036509287
I81: EXIDEIND | J81: =VLOOKUP(I81, Current_Portfolio!$A$2:$Z$1000, 15, FALSE) -> 386.5 | K81: =VLOOKUP(I81, Current_Portfolio!$A$2:$Z$1000, 13, FALSE) -> 398.95 | L81: =IF(J81>0, (K81-J81)/J81, 0) -> 0.03221216
I82: LAURUSLABS | J82: =VLOOKUP(I82, Current_Portfolio!$A$2:$Z$1000, 15, FALSE) -> 1362 | K82: =VLOOKUP(I82, Current_Portfolio!$A$2:$Z$1000, 13, FALSE) -> 1394.3 | L82: =IF(J82>0, (K82-J82)/J82, 0) -> 0.023715125
I83: HINDALCO | J83: =VLOOKUP(I83, Current_Portfolio!$A$2:$Z$1000, 15, FALSE) -> 1126.7 | K83: =VLOOKUP(I83, Current_Portfolio!$A$2:$Z$1000, 13, FALSE) -> 1138.9 | L83: =IF(J83>0, (K83-J83)/J83, 0) -> 0.010828082
I84: AUROPHARMA | J84: =VLOOKUP(I84, Current_Portfolio!$A$2:$Z$1000, 15, FALSE) -> 1426.4 | K84: =VLOOKUP(I84, Current_Portfolio!$A$2:$Z$1000, 13, FALSE) -> 1440.4 | L84: =IF(J84>0, (K84-J84)/J84, 0) -> 0.0098149187
I85: NETWEB | J85: =VLOOKUP(I85, Current_Portfolio!$A$2:$Z$1000, 15, FALSE) -> 4670.7 | K85: =VLOOKUP(I85, Current_Portfolio!$A$2:$Z$1000, 13, FALSE) -> 4705.3 | L85: =IF(J85>0, (K85-J85)/J85, 0) -> 0.0074078832
I86: CUPID | J86: =VLOOKUP(I86, Current_Portfolio!$A$2:$Z$1000, 15, FALSE) -> 129.06 | K86: =VLOOKUP(I86, Current_Portfolio!$A$2:$Z$1000, 13, FALSE) -> 129.8 | L86: =IF(J86>0, (K86-J86)/J86, 0) -> 0.0057337672
I87: SEAMECLTD | J87: =VLOOKUP(I87, Current_Portfolio!$A$2:$Z$1000, 15, FALSE) -> 1614.6 | K87: =VLOOKUP(I87, Current_Portfolio!$A$2:$Z$1000, 13, FALSE) -> 1617.3 | L87: =IF(J87>0, (K87-J87)/J87, 0) -> 0.0016722408
I90: Top 10 Movers (Watchlist Only)
I91: Symbol | J91: Prev Week Close | K91: Price | L91: % Change
I92: GRWRHITECH | J92: 129.06 | K92: 5713.5 | L92: 43.270107
I93: ABB | J93: 265.4 | K93: 7196 | L93: 26.113791
I94: KERNEX | J94: 87.99 | K94: 1877.9 | L94: 20.342198
I95: SHAILY | J95: 246.19 | K95: 3070.7 | L95: 11.472887
I96: ZENTEC | J96: 179.94 | K96: 1688.1 | L96: 8.3814605
I97: ENRIN | J97: 668.1 | K97: 3686.6 | L97: 4.5180362
I98: HSCL | J98: 145.17 | K98: 602.05 | L98: 3.1472067
I99: WHEELS | J99: 370 | K99: 1497.7 | L99: 3.0478378
I100: KIRLOSENG | J100: 500.5 | K100: 1889.5 | L100: 2.7752248
I101: SUPRIYA | J101: 273.36 | K101: 900.95 | L101: 2.295837

Sheet Action Tracker
A1: Date | B1: TF_Classification | C1: Stock | D1: Sector | E1: TF Classification | F1: Latest Tranch or Cheat | G1: Action (Recommended) | H1: Reason | I1: Action Taken | J1: Remarks
A2: 29-05-2026 | B2: Satellite | C2: GPIL | D2: Industrial | E2: Satellite | F2: Cheat 2 | G2: SELL | H2: Cheat holding period long and less return (214 days, 1.56% return) | I2: No | J2: Sakthiman- OK,
A3: 29-05-2026 | B3: Satellite | C3: AJANTPHARM | D3: Health / Pharma / Chem | E3: Satellite | F3: Cheat 2 | G3: SELL | H3: Cheat holding period long and red (144 days, -4.47% return) | I3: No | J3: Sakthiman- OK,
A4: 29-05-2026 | B4: Satellite | C4: LAURUSLABS | D4: Health / Pharma / Chem | E4: Satellite | F4: Cheat 1 | G4: SELL | H4: Cheat holding period long and less return (14 days, 3.74% return) | I4: No | J4: Sakthiman- OK,
A5: 29-05-2026 | B5: Satellite | C5: AUROPHARMA | D5: Health / Pharma / Chem | E5: Satellite | F5: Cheat 1 | G5: SELL | H5: Cheat holding period long and red (11 days, -4.00% return) | I5: No | J5: Sakthiman- OK,
A6: 29-05-2026 | B6: Satellite | C6: SUNPHARMA | D6: Health / Pharma / Chem | E6: Satellite | F6: Cheat 1 | G6: SELL | H6: Cheat holding period long and red (11 days, -3.09% return) | I6: No | J6: Sakthiman- OK,
A7: 29-05-2026 | B7: Satellite | C7: POCL | D7: Industrial | E7: Satellite | F7: Tranch 1 | G7: SELL | H7: Tranch LTP close to stop loss (< 5% difference) | I7: No | J7: Sakthiman- X, Reversing Positively, Wait Mode
A8: 29-05-2026 | B8: Satellite | C8: GAEL | D8: Consumption | E8: Satellite | F8: Cheat 2 | G8: ADD | H8: Cheat positive return (147 days, 14.90% return, -2.46% return from prev week close) | I8: No | J8: Weekly Red Candle Shaktimaan shows Green and "C" even though the weekly candle is red "Green" indicates a positive trend signal "C" typically suggests consolidation or caution but not a sell signal In this case, the green color in Shaktimaan outweighs the red candle, meaning the overall trend is still positive. So, the strategy remains: 🔵 Hold your position for now.
A9: 29-05-2026 | B9: Satellite | C9: NMDC | D9: Industrial | E9: Satellite | F9: Cheat 1 | G9: ADD | H9: Cheat positive return (147 days, 8.49% return, 4.34% return from prev week close) | I9: Yes | J9: Weekly candle is higher than previous week closing Shaktimaan shows B (Green) Donchian Channel breakout two weekly candles back The strategy is: Buy/Add position
A10: 29-05-2026 | B10: Satellite | C10: SEAMECLTD | D10: Industrial | E10: Satellite | F10: Cheat 4 | G10: ADD | H10: Cheat positive return (119 days, 20.27% return, 1.28% return from prev week close) | I10: No | J10: This week red candle but current price is above last week's green candle close Has NOT formed a new weekly high compared to previous week
A11: 29-05-2026 | B11: Satellite | C11: CGPOWER | D11: Industrial | E11: Satellite | F11: Cheat 3 | G11: ADD | H11: Cheat positive return (106 days, 15.78% return, 7.10% return from prev week close) | I11: Yes | J11: Green Candle, DC High, Volume almost equivalent to Average
A12: 29-05-2026 | B12: Satellite | C12: ASTRAMICRO | D12: Industrial | E12: Satellite | F12: Cheat 1 | G12: ADD | H12: Cheat positive return (32 days, 22.88% return, 19.39% return from prev week close) | I12: Yes | J12: Green candle, DC high, Above Average Volume
... A16: 29-05-2026 | B16: Satellite | C16: BALAMINES | D16: Health / Pharma / Chem | E16: Satellite | F16: Tranch 1 | G16: ADD | H16: Tranch LTP above previous week close [0 to 5%] (0.10% above) | I16: NO | J16: Red Candle, DC high, Sakthiman C
A17: 29-05-2026 | B17: Satellite | C17: CUPID | D17: Consumption | E17: Satellite | F17: Tranch 2 | G17: ADD | H17: Tranch LTP above previous week close [> 5%] (7.82% above)
A18: 29-05-2026 | B18: Satellite | C18: HINDALCO | D18: Industrial | E18: Satellite | F18: Tranch 3 | G18: ADD | H18: Tranch LTP above previous week close [0 to 5%] (3.07% above)
A19: 29-05-2026 | B19: Satellite | C19: ADANIENSOL | E19: Satellite | F19: Watchlist | G19: BUY | H19: Buy breakout (RSI: 74.3, ADX: 33.0, Vol: +53% above average)
A20: 29-05-2026 | B20: Satellite | C20: HFCL | E20: Satellite | F20: Watchlist | G20: BUY | H20: Buy breakout (RSI: 91.9, ADX: 39.5, Vol: +68% above average)
A21: 29-05-2026 | B21: Satellite | C21: MAYURUNIQ | E21: Satellite | F21: Watchlist | G21: BUY | H21: Buy breakout (RSI: 79.5, ADX: 28.3, Vol: +83% above average)
A22: 29-05-2026 | B22: Satellite | C22: NGLFINE | E22: Satellite | F22: Watchlist | G22: BUY | H22: Buy breakout (RSI: 77.5, ADX: 65.9, Vol: +199% above average)
A23: 29-05-2026 | B23: Satellite | C23: SHILPAMED | E23: Satellite | F23: Watchlist | G23: BUY | H23: Buy breakout (RSI: 75.8, ADX: 37.8, Vol: +104% above average)
A24: 29-05-2026 | B24: Satellite | C24: SPARC | E24: Satellite | F24: Watchlist | G24: BUY | H24: Buy breakout (RSI: 75.3, ADX: 44.3, Vol: +511% above average)
A25: 29-05-2026 | B25: Satellite | C25: SUPRIYA | E25: Satellite | F25: Watchlist | G25: BUY | H25: Buy breakout (RSI: 78.9, ADX: 25.8, Vol: +420% above average)
A26: 29-05-2026 | B26: Satellite | C26: SUVEN | E26: Satellite | F26: Watchlist | G26: BUY | H26: Buy breakout (RSI: 76.7, ADX: 34.5, Vol: +34% above average)
A27: 29-05-2026 | B27: Satellite | C27: THERMAX | E27: Satellite | F27: Watchlist | G27: BUY | H27: Buy breakout (RSI: 79.8, ADX: 31.5, Vol: +52% above average) | I27: yes
A28: 46028 | B28: Satellite | C28: ABB | E28: Satellite | F28: Watchlist | G28: BUY | H28: Buy breakout (RSI: 66.3, ADX: 38.1, Vol: +50% above average)
A29: 46028 | B29: Satellite | C29: ADANIENSOL | E29: Satellite | F29: Watchlist | G29: BUY | H29: Buy breakout (RSI: 73.5, ADX: 33.0, Vol: +89% above average)
A30: 46028 | B30: Satellite | C30: CONFIPET | E30: Satellite | F30: Watchlist | G30: BUY | H30: Buy breakout (RSI: 74.6, ADX: 55.7, Vol: +12% above average)
A31: 46028 | B31: Satellite | C31: E2E | E31: Satellite | F31: Watchlist | G31: BUY | H31: Buy breakout (RSI: 70.5, ADX: 28.6, Vol: +78% above average)
A32: 46028 | B32: Satellite | C32: EXIDEIND | E32: Satellite | F32: Watchlist | G32: BUY | H32: Buy breakout (RSI: 63.5, ADX: 28.0, Vol: +239% above average)
A33: 46028 | B33: Satellite | C33: FCL | E33: Satellite | F33: Watchlist | G33: BUY | H33: Buy breakout (RSI: 76.4, ADX: 35.1, Vol: +468% above average)
A34: 46028 | B34: Satellite | C34: FINCABLES | E34: Satellite | F34: Watchlist | G34: BUY | H34: Buy breakout (RSI: 66.8, ADX: 34.8, Vol: +108% above average)
A35: 46028 | B35: Satellite | C35: MARKSANS | E35: Satellite | F35: Watchlist | G35: BUY | H35: Buy breakout (RSI: 75.4, ADX: 26.9, Vol: +720% above average)
A36: 46028 | B36: Satellite | C36: MOLDTKPAC | E36: Satellite | F36: Watchlist | G36: BUY | H36: Buy breakout (RSI: 63.7, ADX: 26.2, Vol: +8% above average)
A37: 46028 | B37: Satellite | C37: NETWEB | E37: Satellite | F37: Watchlist | G37: BUY | H37: Buy breakout (RSI: 65.9, ADX: 45.1, Vol: +156% above average)
A38: 46028 | B38: Satellite | C38: SKIPPER | E38: Satellite | F38: Watchlist | G38: BUY | H38: Buy breakout (RSI: 71.4, ADX: 31.9, Vol: +277% above average)
A39: 46028 | B39: Satellite | C39: SUVEN | E39: Satellite | F39: Watchlist | G39: BUY | H39: Buy breakout (RSI: 76.2, ADX: 34.5, Vol: +109% above average)
A40: 46028 | B40: Satellite | C40: TRITURBINE | E40: Satellite | F40: Watchlist | G40: BUY | H40: Buy breakout (RSI: 82.1, ADX: 26.6, Vol: +74% above average)

Sheet Raw_Tradebook
A1: Unnamed: 0.1 | B1: Symbol | C1: ISIN | D1: Trade Date | E1: Exchange | F1: Segment | G1: Series | H1: Trade Type | I1: Auction | J1: Quantity | K1: Price | L1: Trade ID | M1: Order ID | N1: Order Execution Time | O1: Unnamed: 0
B2: POLYCAB | C2: INE455K01017 | D2: 2025-09-08 | E2: NSE | F2: EQ | G2: EQ | H2: buy | I2: FALSE | J2: 13 | K2: 7343 | L2: 405271862 | M2: 1.2e+15 | N2: 2025-09-08T13:01:01
B3: CIPLA | C3: INE059A01026 | D3: 2025-09-08 | E3: NSE | F3: EQ | G3: EQ | H3: buy | I3: FALSE | J3: 64 | K3: 1548.9 | L3: 3877073 | M3: 1e+15 | N3: 2025-09-08T13:15:31
B4: HBLENGINE | C4: INE292B01021 | D4: 2025-09-08 | E4: NSE | F4: EQ | G4: EQ | H4: buy | I4: FALSE | J4: 7 | K4: 844.15 | L4: 205329072 | M4: 1.1e+15 | N4: 2025-09-08T13:22:33
B5: HBLENGINE | C5: INE292B01021 | D5: 2025-09-08 | E5: NSE | F5: EQ | G5: EQ | H5: buy | I5: FALSE | J5: 50 | K5: 844.15 | L5: 205330804 | M5: 1.1e+15 | N5: 2025-09-08T13:22:33
B6: HBLENGINE | C6: INE292B01021 | D6: 2025-09-08 | E6: NSE | F6: EQ | G6: EQ | H6: buy | I6: FALSE | J6: 4 | K6: 844.15 | L6: 205330817 | M6: 1.1e+15 | N6: 2025-09-08T13:22:33
B7: HBLENGINE | C7: INE292B01021 | D7: 2025-09-08 | E7: NSE | F7: EQ | G7: EQ | H7: buy | I7: FALSE | J7: 55 | K7: 844.15 | L7: 205331314 | M7: 1.1e+15 | N7: 2025-09-08T13:22:33
B8: SUPREMEIND | C8: INE195A01028 | D8: 2025-09-08 | E8: NSE | F8: EQ | G8: EQ | H8: buy | I8: FALSE | J8: 20 | K8: 4509 | L8: 605415434 | M8: 1.3e+15 | N8: 2025-09-08T13:36:34
B9: TITAN | C9: INE280A01028 | D9: 2025-09-08 | E9: NSE | F9: EQ | G9: EQ | H9: buy | I9: FALSE | J9: 11 | K9: 3662.7 | L9: 605630531 | M9: 1.3e+15 | N9: 2025-09-08T13:52:01
B10: TITAN | C10: INE280A01028 | D10: 2025-09-08 | E10: NSE | F10: EQ | G10: EQ | H10: buy | I10: FALSE | J10: 14 | K10: 3662.7 | L10: 605630530 | M10: 1.3e+15 | N10: 2025-09-08T13:52:01
B11: DMART | C11: INE192R01011 | D11: 2025-09-08 | E11: NSE | F11: EQ | G11: EQ | H11: buy | I11: FALSE | J11: 5 | K11: 4724.1001 | L11: 205904922 | M11: 1.1e+15 | N11: 2025-09-08T13:56:18
B12: DMART | C12: INE192R01011 | D12: 2025-09-08 | E12: NSE | F12: EQ | G12: EQ | H12: buy | I12: FALSE | J12: 1 | K12: 4724.1001 | L12: 205904923 | M12: 1.1e+15 | N12: 2025-09-08T13:56:18
B13: DMART | C13: INE192R01011 | D13: 2025-09-08 | E13: NSE | F13: EQ | G13: EQ | H13: buy | I13: FALSE | J13: 1 | K13: 4724 | L13: 205904921 | M13: 1.1e+15 | N13: 2025-09-08T13:56:18
... B161: DMART | C161: INE192R01011 | D161: 2025-11-11 | E161: NSE | F161: EQ | G161: EQ | H161: sell | I161: FALSE | J161: 19 | K161: 4056.8 | L161: 206418034 | M161: 1.1000001e+15 | N161: 2025-11-11T13:34:21
B162: METROPOLIS | D162: 2025-11-11 | E162: BSE | F162: EQ | G162: A | H162: sell | I162: FALSE | J162: 160 | K162: 482.775 | L162: 6267600 | M162: 1.7628443e+18 | N162: 2025-11-11T13:35:27
B163: METROPOLIS | D163: 2025-11-11 | E163: BSE | F163: EQ | G163: A | H163: sell | I163: FALSE | J163: 8 | K163: 482.3125 | L163: 6267800 | M163: 1.7628443e+18 | N163: 2025-11-11T13:35:27
B164: POLYCAB | C164: INE455K01017 | D164: 2025-11-13 | E164: NSE | F164: EQ | G164: EQ | H164: buy | I164: FALSE | J164: 5 | K164: 7775.5 | L164: 402401951 | M164: 1.2e+15 | N164: 2025-11-13T10:59:29
B165: POLYCAB | C165: INE455K01017 | D165: 2025-11-13 | E165: NSE | F165: EQ | G165: EQ | H165: buy | I165: FALSE | J165: 1 | K165: 7773.5 | L165: 402401948 | M165: 1.2e+15 | N165: 2025-11-13T10:59:29
B166: POLYCAB | C166: INE455K01017 | D166: 2025-11-13 | E166: NSE | F166: EQ | G166: EQ | H166: buy | I166: FALSE | J166: 1 | K166: 7775.5 | L166: 402401949 | M166: 1.2e+15 | N166: 2025-11-13T10:59:29
B167: POLYCAB | C167: INE455K01017 | D167: 2025-11-13 | E167: NSE | F167: EQ | G167: EQ | H167: buy | I167: FALSE | J167: 3 | K167: 7775.5 | L167: 402401950 | M167: 1.2e+15 | N167: 2025-11-13T10:59:29
B168: POLYCAB | C168: INE455K01017 | D168: 2025-11-13 | E168: NSE | F168: EQ | G168: EQ | H168: buy | I168: FALSE | J168: 2 | K168: 7776 | L168: 402401953 | M168: 1.2e+15 | N168: 2025-11-13T10:59:29
B169: PRECWIRE | C169: INE372C01037 | D169: 2025-11-14 | E169: NSE | F169: EQ | G169: EQ | H169: buy | I169: FALSE | J169: 1 | K169: 268.67 | L169: 406381643 | M169: 1.2000001e+15 | N169: 2025-11-14T15:19:43
B170: PRECWIRE | C170: INE372C01037 | D170: 2025-11-14 | E170: NSE | F170: EQ | G170: EQ | H170: buy | I170: FALSE | J170: 99 | K170: 268.67 | L170: 406381642 | M170: 1.2000001e+15 | N170: 2025-11-14T15:19:43
B171: BHARATFORG | D171: 2025-11-17 | E171: NSE | F171: EQ | G171: EQ | H171: buy | I171: FALSE | J171: 13 | K171: 1393.8 | L171: 2834568 | M171: 1e+15 | N171: 2025-11-17T11:53:38
B172: BHARATFORG | D172: 2025-11-17 | E172: NSE | F172: EQ | G172: EQ | H172: buy | I172: FALSE | J172: 23 | K172: 1393.8 | L172: 2834567 | M172: 1e+15 | N172: 2025-11-17T11:53:38
B173: TVSSRICHAK | D173: 2025-11-17 | E173: NSE | F173: EQ | G173: EQ | H173: buy | I173: FALSE | J173: 2 | K173: 4514.2998 | L173: 604224003 | M173: 1.3e+15 | N173: 2025-11-17T12:03:55
B174: TVSSRICHAK | D174: 2025-11-17 | E174: NSE | F174: EQ | G174: EQ | H174: buy | I174: FALSE | J174: 2 | K174: 4514.7002 | L174: 604224005 | M174: 1.3e+15 | N174: 2025-11-17T12:03:55
B175: TVSSRICHAK | D175: 2025-11-17 | E175: NSE | F175: EQ | G175: EQ | H175: buy | I175: FALSE | J175: 4 | K175: 4512.5 | L175: 604224002 | M175: 1.3e+15 | N175: 2025-11-17T12:03:55
B176: TVSSRICHAK | D176: 2025-11-17 | E176: NSE | F176: EQ | G176: EQ | H176: buy | I176: FALSE | J176: 3 | K176: 4514.3999 | L176: 604224004 | M176: 1.3e+15 | N176: 2025-11-17T12:03:55
B177: TVSSRICHAK | C177: INE421C01016 | D177: 2025-11-21 | E177: NSE | F177: EQ | G177: EQ | H177: buy | I177: FALSE | J177: 3 | K177: 4712.1001 | L177: 605255054 | M177: 1.3e+15 | N177: 2025-11-21T14:27:21
B178: TVSSRICHAK | C178: INE421C01016 | D178: 2025-11-21 | E178: NSE | F178: EQ | G178: EQ | H178: buy | I178: FALSE | J178: 4 | K178: 4712 | L178: 605255052 | M178: 1.3e+15 | N178: 2025-11-21T14:27:21
B179: TVSSRICHAK | C179: INE421C01016 | D179: 2025-11-21 | E179: NSE | F179: EQ | G179: EQ | H179: buy | I179: FALSE | J179: 2 | K179: 4712.1001 | L179: 605255053 | M179: 1.3e+15 | N179: 2025-11-21T14:27:21
B180: TVSSRICHAK | C180: INE421C01016 | D180: 2025-11-21 | E180: NSE | F180: EQ | G180: EQ | H180: buy | I180: FALSE | J180: 2 | K180: 4711.8999 | L180: 605255051 | M180: 1.3e+15 | N180: 2025-11-21T14:27:21
B181: FEDERALBNK | C181: INE171A01029 | D181: 2025-11-21 | E181: NSE | F181: EQ | G181: EQ | H181: buy | I181: FALSE | J181: 108 | K181: 246.27 | L181: 206412972 | M181: 1.1000001e+15 | N181: 2025-11-21T14:28:03
B182: FEDERALBNK | C182: INE171A01029 | D182: 2025-11-21 | E182: NSE | F182: EQ | G182: EQ | H182: buy | I182: FALSE | J182: 96 | K182: 246.28 | L182: 206412973 | M182: 1.1000001e+15 | N182: 2025-11-21T14:28:03
B183: FEDERALBNK | C183: INE171A01029 | D183: 2025-11-28 | E183: NSE | F183: EQ | G183: EQ | H183: buy | I183: FALSE | J183: 14 | K183: 257.71 | L183: 205976622 | M183: 1.1000001e+15 | N183: 2025-11-28T14:55:57
B184: FEDERALBNK | C184: INE171A01029 | D184: 2025-11-28 | E184: NSE | F184: EQ | G184: EQ | H184: buy | I184: FALSE | J184: 250 | K184: 257.7 | L184: 205976620 | M184: 1.1000001e+15 | N184: 2025-11-28T14:55:57
B185: FEDERALBNK | C185: INE171A01029 | D185: 2025-11-28 | E185: NSE | F185: EQ | G185: EQ | H185: buy | I185: FALSE | J185: 92 | K185: 257.7 | L185: 205976621 | M185: 1.1000001e+15 | N185: 2025-11-28T14:55:57
B186: FEDERALBNK | C186: INE171A01029 | D186: 2025-11-28 | E186: NSE | F186: EQ | G186: EQ | H186: buy | I186: FALSE | J186: 32 | K186: 257.7 | L186: 205976619 | M186: 1.1000001e+15 | N186: 2025-11-28T14:55:57
B187: GMRAIRPORT | C187: INE776C01039 | D187: 2025-11-28 | E187: NSE | F187: EQ | G187: EQ | H187: buy | I187: FALSE | J187: 677 | K187: 108.48 | L187: 206027992 | M187: 1.1000001e+15 | N187: 2025-11-28T14:58:37
B188: GMRAIRPORT | C188: INE776C01039 | D188: 2025-11-28 | E188: NSE | F188: EQ | G188: EQ | H188: buy | I188: FALSE | J188: 243 | K188: 108.48 | L188: 206027993 | M188: 1.1000001e+15 | N188: 2025-11-28T14:58:37
... B546: GVT&D | C546: INE200A01026 | D546: 2026-06-02 | E546: NSE | F546: EQ | G546: EQ | H546: buy | I546: FALSE | J546: 6 | K546: 4708 | L546: 205876850 | M546: 1.1000001e+15 | N546: 2026-06-02T12:06:56

Sheet Transaction
A1: Trade Date | B1: Symbol | C1: Trade Type | D1: Total_Quantity | E1: Average_Price | F1: Total_Value | G1: Tranches/Cheat
A2: 2025-09-08 | B2: POLYCAB | C2: buy | D2: 13 | E2: 7343 | F2: 95459 | G2: Tranch 1
A3: 2025-09-08 | B3: SUPREMEIND | C3: buy | D3: 20 | E3: 4509 | F3: 90180 | G3: Tranch 1
A4: 2025-09-08 | B4: DMART | C4: buy | D4: 19 | E4: 4724.03 | F4: 89756.6 | G4: Tranch 1
A5: 2025-09-08 | B5: CIPLA | C5: buy | D5: 64 | E5: 1548.9 | F5: 99129.6 | G5: Tranch 1
A6: 2025-09-08 | B6: METROPOLIS | C6: buy | D6: 168 | E6: 543 | F6: 91224 | G6: Tranch 1
A7: 2025-09-08 | B7: HBLENGINE | C7: buy | D7: 116 | E7: 844.15 | F7: 97921.4 | G7: Tranch 1
A8: 2025-09-08 | B8: TITAN | C8: buy | D8: 25 | E8: 3662.7 | F8: 91567.5 | G8: Tranch 1
A9: 2025-09-09 | B9: GMDCLTD | C9: buy | D9: 48 | E9: 517.1 | F9: 24820.8 | G9: Cheat 1
A10: 2025-09-09 | B10: UNOMINDA | C10: buy | D10: 37 | E10: 1289.2 | F10: 47700.4 | G10: Cheat 1
A11: 2025-09-09 | B11: PIDILITIND | C11: buy | D11: 60 | E11: 1562.4 | F11: 93744 | G11: Tranch 1
A12: 2025-09-09 | B12: AVANTEL | C12: buy | D12: 140 | E12: 175.36 | F12: 24550.4 | G12: Cheat 1
A13: 2025-09-15 | B13: CGPOWER | C13: buy | D13: 33 | E13: 785.35 | F13: 25916.55 | G13: Cheat 1
... A220: 2026-06-02 | B220: POLYCAB | C220: buy | D220: 3 | E220: 9432 | F220: 28296 | G220: Cheat 1

Sheet Current_Portfolio
A1: Symbol | B1: Cap | C1: TF_Sector | D1: TF_Classification | E1: Latest_Tranche | F1: Current_Quantity | G1: Average_Buy_Price | H1: Trend | I1: SL | J1: LTP_SL_Diff | K1: LTP_SL_Diff_Pct | L1: Invested_Value | M1: LTP | N1: Prev_Day_Close | O1: Prev_Week_Close | P1: EMA9 | Q1: EMA10 | R1: EMA11 | S1: EMA21 | T1: Current_Value | U1: Unrealized_PnL | V1: Return_Pct | W1: XIRR | X1: Holding_Period | Y1: Split_Info | Z1: Adj_Required | AA1: Prev_Month_Close
A2: ACUTAAS | B2: Small Cap | C2: Health / Pharma / Chem | D2: Core | E2: Cheat 2 | F2: 28 | G2: 2802.75 | H2: =IF(M2>N2, "▲", IF(M2<N2, "▼", "─")) -> ▲ | I2: 2522.47 | J2: =M2-I2 -> 613.23 | K2: =IF(M2>0, (M2-I2)/M2, 0) -> 0.19556399 | L2: 78477 | M2: =IFERROR(INDEX(Price_Update!$F:$F, MATCH(A2, Price_Update!$A:$A, 0)), 3135.7) -> 3135.7 | N2: =IFERROR(INDEX(Price_Update!$I:$I, MATCH(A2, Price_Update!$A:$A, 0)), 3037.6) -> 3037.6 | O2: 3132.5 | P2: 3017.01 | Q2: 3005.33 | R2: 2993.69 | S2: 2883.89 | T2: =F2*M2 -> 87799.6 | U2: =T2-L2 -> 9322.6 | V2: =IF(L2>0, U2/L2, 0) -> 0.11879404 | W2: 19.429565 | X2: 20 | Z2: No | AA2: 3132.5
A3: AIAENG | B3: Mid Cap | C3: Industrial | D3: Core | E3: Cheat 1 | F3: 6 | G3: 4554.1 | H3: =IF(M3>N3, "▲", IF(M3<N3, "▼", "─")) -> ▼ | I3: 4098.69 | J3: =M3-I3 -> 422.61 | K3: =IF(M3>0, (M3-I3)/M3, 0) -> 0.093470904 | L3: 27324.6 | M3: =IFERROR(INDEX(Price_Update!$F:$F, MATCH(A3, Price_Update!$A:$A, 0)), 4521.3) -> 4521.3 | N3: =IFERROR(INDEX(Price_Update!$I:$I, MATCH(A3, Price_Update!$A:$A, 0)), 4552.3) -> 4552.3 | O3: 4503.6 | P3: 4371 | Q3: 4348.63 | R3: 4327.86 | S3: 4184.18 | T3: =F3*M3 -> 27127.8 | U3: =T3-L3 -> -196.8 | V3: =IF(L3>0, U3/L3, 0) -> -0.0072023012 | W3: -0.73264563 | X3: 2 | Z3: No | AA3: 4503.6
A4: APARINDS | B4: Mid Cap | C4: Industrial | D4: Core | E4: Cheat 1 | F4: 4 | G4: 12829 | H4: =IF(M4>N4, "▲", IF(M4<N4, "▼", "─")) -> ▲ | I4: 11546.1 | J4: =M4-I4 -> 1991.9 | K4: =IF(M4>0, (M4-I4)/M4, 0) -> 0.14713399 | L4: 51316 | M4: =IFERROR(INDEX(Price_Update!$F:$F, MATCH(A4, Price_Update!$A:$A, 0)), 13538) -> 13538 | N4: =IFERROR(INDEX(Price_Update!$I:$I, MATCH(A4, Price_Update!$A:$A, 0)), 13270) -> 13270 | O4: 13118 | P4: 13088.93 | Q4: 13058.94 | R4: 13030.22 | S4: 12756.29 | T4: =F4*M4 -> 54152 | U4: =T4-L4 -> 2836 | V4: =IF(L4>0, U4/L4, 0) -> 0.055265414 | W4: 18343.72 | X4: 2 | Z4: No | AA4: 13118
A5: APLAPOLLO | B5: Mid Cap | C5: Industrial | D5: Core | E5: Tranch 2 | F5: 96 | G5: 2100.8 | H5: =IF(M5>N5, "▲", IF(M5<N5, "▼", "─")) -> ▲ | I5: 2237.6 | J5: =M5-I5 -> -432.2 | K5: =IF(M5>0, (M5-I5)/M5, 0) -> -0.23939293 | L5: 201676.8 | M5: =IFERROR(INDEX(Price_Update!$F:$F, MATCH(A5, Price_Update!$A:$A, 0)), 1805.4) -> 1805.4 | N5: =IFERROR(INDEX(Price_Update!$I:$I, MATCH(A5, Price_Update!$A:$A, 0)), 1769.2) -> 1769.2 | O5: 1831.1 | P5: 1829.68 | Q5: 1833.66 | R5: 1837.44 | S5: 1869.23 | T5: =F5*M5 -> 173318.4 | U5: =T5-L5 -> -28358.4 | V5: =IF(L5>0, U5/L5, 0) -> -0.1406131 | W5: -0.44076721 | X5: 115 | Z5: No | AA5: 1831.1
A6: BAJAJ-AUTO | B6: Large Cap | C6: Consumption | D6: Core | E6: Cheat 1 | F6: 3 | G6: 10344 | H6: =IF(M6>N6, "▲", IF(M6<N6, "▼", "─")) -> ▼ | I6: 9309.6 | J6: =M6-I6 -> 949.4 | K6: =IF(M6>0, (M6-I6)/M6, 0) -> 0.092543133 | L6: 31032 | M6: =IFERROR(INDEX(Price_Update!$F:$F, MATCH(A6, Price_Update!$A:$A, 0)), 10259) -> 10259 | N6: =IFERROR(INDEX(Price_Update!$I:$I, MATCH(A6, Price_Update!$A:$A, 0)), 10281) -> 10281 | O6: 10460 | P6: 10373.86 | Q6: 10370.84 | R6: 10365.91 | S6: 10262.22 | T6: =F6*M6 -> 30777 | U6: =T6-L6 -> -255 | V6: =IF(L6>0, U6/L6, 0) -> -0.0082173241 | W6: -0.77817294 | X6: 2 | Z6: No | AA6: 10460
A7: BSE | B7: Large Cap | C7: Finance | D7: Core | E7: Tranch 1 | F7: 30 | G7: 3359 | H7: =IF(M7>N7, "▲", IF(M7<N7, "▼", "─")) -> ▲ | I7: 3023.1 | J7: =M7-I7 -> 943 | K7: =IF(M7>0, (M7-I7)/M7, 0) -> 0.23776506 | L7: 100770 | M7: =IFERROR(INDEX(Price_Update!$F:$F, MATCH(A7, Price_Update!$A:$A, 0)), 3966.1) -> 3966.1 | N7: =IFERROR(INDEX(Price_Update!$I:$I, MATCH(A7, Price_Update!$A:$A, 0)), 3931.9) -> 3931.9 | O7: 4146.1 | P7: 4090.96 | Q7: 4092.78 | R7: 4092.22 | S7: 4017.35 | T7: =F7*M7 -> 118983 | U7: =T7-L7 -> 18213 | V7: =IF(L7>0, U7/L7, 0) -> 0.18073831 | W7: 0.8212997 | X7: 178 | Z7: No | AA7: 4146.1
A8: CAPLIPOINT | B8: Small Cap | C8: Health / Pharma / Chem | D8: Core | E8: Cheat 1 | F8: 15 | G8: 1972.4 | H8: =IF(M8>N8, "▲", IF(M8<N8, "▼", "─")) -> ▼ | I8: 1775.16 | J8: =M8-I8 -> 197.74 | K8: =IF(M8>0, (M8-I8)/M8, 0) -> 0.10022809 | L8: 29586 | M8: =IFERROR(INDEX(Price_Update!$F:$F, MATCH(A8, Price_Update!$A:$A, 0)), 1972.9) -> 1972.9 | N8: =IFERROR(INDEX(Price_Update!$I:$I, MATCH(A8, Price_Update!$A:$A, 0)), 1988.1) -> 1988.1 | O8: 2024.5 | P8: 1998.51 | Q8: 1996.32 | R8: 1993.43 | S8: 1949.65 | T8: =F8*M8 -> 29593.5 | U8: =T8-L8 -> 7.5 | V8: =IF(L8>0, U8/L8, 0) -> 0.00025349828 | W8: 0.047344143 | X8: 2 | Z8: No | AA8: 2024.5
A9: CARYSIL | B9: Small Cap | C9: Consumption | D9: Core | E9: Cheat 1 | F9: 27 | G9: 1101.3 | H9: =IF(M9>N9, "▲", IF(M9<N9, "▼", "─")) -> ▲ | I9: 991.17 | J9: =M9-I9 -> 146.83 | K9: =IF(M9>0, (M9-I9)/M9, 0) -> 0.1290246 | L9: 29735.1 | M9: =IFERROR(INDEX(Price_Update!$F:$F, MATCH(A9, Price_Update!$A:$A, 0)), 1138) -> 1138 | N9: =IFERROR(INDEX(Price_Update!$I:$I, MATCH(A9, Price_Update!$A:$A, 0)), 1113.5) -> 1113.5 | O9: 1077.55 | P9: 1082.69 | Q9: 1077.29 | R9: 1071.96 | S9: 1026.37 | T9: =F9*M9 -> 30726 | U9: =T9-L9 -> 990.9 | V9: =IF(L9>0, U9/L9, 0) -> 0.033324253 | W9: 395.44566 | X9: 2 | Z9: No | AA9: 1077.55
A10: CCL | B10: Small Cap | C10: Consumption | D10: Core | E10: Cheat 1 | F10: 49 | G10: 1033.16 | H10: =IF(M10>N10, "▲", IF(M10<N10, "▼", "─")) -> ▲ | I10: 929.84 | J10: =M10-I10 -> 148.36 | K10: =IF(M10>0, (M10-I10)/M10, 0) -> 0.1375997 | L10: 50624.84 | M10: =IFERROR(INDEX(Price_Update!$F:$F, MATCH(A10, Price_Update!$A:$A, 0)), 1078.2) -> 1078.2 | N10: =IFERROR(INDEX(Price_Update!$I:$I, MATCH(A10, Price_Update!$A:$A, 0)), 1070.5) -> 1070.5 | O10: 1053.8 | P10: 1073.76 | Q10: 1074.98 | R10: 1076.26 | S10: 1086.59 | T10: =F10*M10 -> 52831.8 | U10: =T10-L10 -> 2206.96 | V10: =IF(L10>0, U10/L10, 0) -> 0.043594409 | W10: 0.19607044 | X10: 87 | Z10: No | AA10: 1053.8
A11: CRAFTSMAN | B11: Small Cap | C11: Industrial | D11: Core | E11: Cheat 1 | F11: 6 | G11: 8958 | H11: =IF(M11>N11, "▲", IF(M11<N11, "▼", "─")) -> ▼ | I11: 8062.2 | J11: =M11-I11 -> 836.3 | K11: =IF(M11>0, (M11-I11)/M11, 0) -> 0.093982132 | L11: 53748 | M11: =IFERROR(INDEX(Price_Update!$F:$F, MATCH(A11, Price_Update!$A:$A, 0)), 8898.5) -> 8898.5 | N11: =IFERROR(INDEX(Price_Update!$I:$I, MATCH(A11, Price_Update!$A:$A, 0)), 8979) -> 8979 | O11: 9074 | P11: 8799.61 | Q11: 8781.74 | R11: 8763.49 | S11: 8567.42 | T11: =F11*M11 -> 53391 | U11: =T11-L11 -> -357 | V11: =IF(L11>0, U11/L11, 0) -> -0.0066421076 | W11: -0.70365421 | X11: 2 | Z11: No | AA11: 9074
A12: FCL | B12: Small Cap | C12: Health / Pharma / Chem | D12: Core | E12: Cheat 1 | F12: 685 | G12: 42.36 | H12: =IF(M12>N12, "▲", IF(M12<N12, "▼", "─")) -> ▲ | I12: 38.12 | J12: =M12-I12 -> 5.42 | K12: =IF(M12>0, (M12-I12)/M12, 0) -> 0.12448323 | L12: 29016.6 | M12: =IFERROR(INDEX(Price_Update!$F:$F, MATCH(A12, Price_Update!$A:$A, 0)), 43.54) -> 43.54 | N12: =IFERROR(INDEX(Price_Update!$I:$I, MATCH(A12, Price_Update!$A:$A, 0)), 42.36) -> 42.36 | O12: 39.99 | P12: 39.32 | Q12: 38.85 | R12: 38.39 | S12: 34.67 | T12: =F12*M12 -> 29824.9 | U12: =T12-L12 -> 808.3 | V12: =IF(L12>0, U12/L12, 0) -> 0.027856468 | W12: 149.54848 | X12: 2 | Z12: No | AA12: 39.99
A13: FEDERALBNK | B13: Mid Cap | C13: Finance | D13: Core | E13: Tranch 3 | F13: 1172 | G13: 256.22 | H13: =IF(M13>N13, "▲", IF(M13<N13, "▼", "─")) -> ▲ | I13: 260.1 | J13: =M13-I13 -> 40.95 | K13: =IF(M13>0, (M13-I13)/M13, 0) -> 0.13602392 | L13: 300289.84 | M13: =IFERROR(INDEX(Price_Update!$F:$F, MATCH(A13, Price_Update!$A:$A, 0)), 301.05) -> 301.05 | N13: =IFERROR(INDEX(Price_Update!$I:$I, MATCH(A13, Price_Update!$A:$A, 0)), 293.05) -> 293.05 | O13: 288.95 | P13: 291.55 | Q13: 291.23 | R13: 290.95 | S13: 289.39 | T13: =F13*M13 -> 352830.6 | U13: =T13-L13 -> 52540.76 | V13: =IF(L13>0, U13/L13, 0) -> 0.17496683 | W13: 0.3934974 | X13: 213 | Z13: No | AA13: 288.95
A14: GVT&D | B14: Large Cap | C14: Consumption | D14: Core | E14: Tranch 2 | F14: 55 | G14: 4155.85 | H14: =IF(M14>N14, "▲", IF(M14<N14, "▼", "─")) -> ▲ | I14: 3676.8 | J14: =M14-I14 -> 1287.7 | K14: =IF(M14>0, (M14-I14)/M14, 0) -> 0.25938161 | L14: 228571.75 | M14: =IFERROR(INDEX(Price_Update!$F:$F, MATCH(A14, Price_Update!$A:$A, 0)), 4964.5) -> 4964.5 | N14: =IFERROR(INDEX(Price_Update!$I:$I, MATCH(A14, Price_Update!$A:$A, 0)), 4781) -> 4781 | O14: 5148.6 | P14: 4870.62 | Q14: 4858.02 | R14: 4845.06 | S14: 4717.29 | T14: =F14*M14 -> 273047.5 | U14: =T14-L14 -> 44475.75 | V14: =IF(L14>0, U14/L14, 0) -> 0.19458113 | W14: 2.6305917 | X14: 87 | Z14: No | AA14: 5148.6
A15: HBLENGINE | B15: Small Cap | C15: Industrial | D15: Core | E15: Cheat 1 | F15: 37 | G15: 865.69 | H15: =IF(M15>N15, "▲", IF(M15<N15, "▼", "─")) -> ▼ | I15: 844.15 | J15: =M15-I15 -> -57.9 | K15: =IF(M15>0, (M15-I15)/M15, 0) -> -0.0736407 | L15: 32030.53 | M15: =IFERROR(INDEX(Price_Update!$F:$F, MATCH(A15, Price_Update!$A:$A, 0)), 786.25) -> 786.25 | N15: =IFERROR(INDEX(Price_Update!$I:$I, MATCH(A15, Price_Update!$A:$A, 0)), 802.7) -> 802.7 | O15: 822.6 | P15: 796.93 | Q15: 796.51 | R15: 796.13 | S15: 791.88 | T15: =F15*M15 -> 29091.25 | U15: =T15-L15 -> -2939.28 | V15: =IF(L15>0, U15/L15, 0) -> -0.091764951 | W15: -0.44866775 | X15: 2 | Z15: No | AA15: 822.6
A16: HBLENGINE | B16: Small Cap | C16: Industrial | D16: Core | E16: Cheat 1 | F16: 37 | G16: 865.69 | H16: =IF(M16>N16, "▲", IF(M16<N16, "▼", "─")) -> ▼ | I16: 844.15 | J16: =M16-I16 -> -57.9 | K16: =IF(M16>0, (M16-I16)/M16, 0) -> -0.0736407 | L16: 32030.53 | M16: =IFERROR(INDEX(Price_Update!$F:$F, MATCH(A16, Price_Update!$A:$A, 0)), 786.25) -> 786.25 | N16: =IFERROR(INDEX(Price_Update!$I:$I, MATCH(A16, Price_Update!$A:$A, 0)), 802.7) -> 802.7 | O16: 822.6 | P16: 796.93 | Q16: 796.51 | R16: 796.13 | S16: 791.88 | T16: =F16*M16 -> 29091.25 | U16: =T16-L16 -> -2939.28 | V16: =IF(L16>0, U16/L16, 0) -> -0.091764951 | W16: -0.44866775 | X16: 2 | Z16: No | AA16: 822.6
A17: KEI | B17: Mid Cap | C17: Consumption | D17: Core | E17: Cheat 1 | F17: 6 | G17: 5189 | H17: =IF(M17>N17, "▲", IF(M17<N17, "▼", "─")) -> ▼ | I17: 4670.1 | J17: =M17-I17 -> 551.9 | K17: =IF(M17>0, (M17-I17)/M17, 0) -> 0.10568748 | L17: 31134 | M17: =IFERROR(INDEX(Price_Update!$F:$F, MATCH(A17, Price_Update!$A:$A, 0)), 5222) -> 5222 | N17: =IFERROR(INDEX(Price_Update!$I:$I, MATCH(A17, Price_Update!$A:$A, 0)), 5261.5) -> 5261.5 | O17: 5267.5 | P17: 5252.56 | Q17: 5248.07 | R17: 5242.67 | S17: 5164.36 | T17: =F17*M17 -> 31332 | U17: =T17-L17 -> 198 | V17: =IF(L17>0, U17/L17, 0) -> 0.0063596069 | W17: 2.1802292 | X17: 2 | Z17: No | AA17: 5267.5
A18: KRISHANA | B18: Small Cap | C18: Health / Pharma / Chem | D18: Core | E18: Cheat 1 | F18: 43 | G18: 679.8 | H18: =IF(M18>N18, "▲", IF(M18<N18, "▼", "─")) -> ▼ | I18: 611.82 | J18: =M18-I18 -> 70.83 | K18: =IF(M18>0, (M18-I18)/M18, 0) -> 0.10375742 | L18: 29231.4 | M18: =IFERROR(INDEX(Price_Update!$F:$F, MATCH(A18, Price_Update!$A:$A, 0)), 682.65) -> 682.65 | N18: =IFERROR(INDEX(Price_Update!$I:$I, MATCH(A18, Price_Update!$A:$A, 0)), 686.45) -> 686.45 | O18: 668.1 | P18: 678.66 | Q18: 678.16 | R18: 677.6 | S18: 667.87 | T18: =F18*M18 -> 29353.95 | U18: =T18-L18 -> 122.55 | V18: =IF(L18>0, U18/L18, 0) -> 0.0041924095 | W18: 1.1458063 | X18: 2 | Z18: No | AA18: 668.1
A19: LALPATHLAB | B19: Small Cap | C19: Health / Pharma / Chem | D19: Core | E19: Cheat 1 | F19: 18 | G19: 1562.2 | H19: =IF(M19>N19, "▲", IF(M19<N19, "▼", "─")) -> ▲ | I19: 1405.98 | J19: =M19-I19 -> 163.62 | K19: =IF(M19>0, (M19-I19)/M19, 0) -> 0.10424312 | L19: 28119.6 | M19: =IFERROR(INDEX(Price_Update!$F:$F, MATCH(A19, Price_Update!$A:$A, 0)), 1569.6) -> 1569.6 | N19: =IFERROR(INDEX(Price_Update!$I:$I, MATCH(A19, Price_Update!$A:$A, 0)), 1561) -> 1561 | O19: 1607.4 | P19: 1594.68 | Q19: 1595.96 | R19: 1596.63 | S19: 1583.38 | T19: =F19*M19 -> 28252.8 | U19: =T19-L19 -> 133.2 | V19: =IF(L19>0, U19/L19, 0) -> 0.0047369095 | W19: 1.3689455 | X19: 2 | Z19: No | AA19: 1607.4
A20: M&M | B20: Large Cap | C20: Industrial | D20: Core | E20: Cheat 1 | F20: 16 | G20: 3127 | H20: =IF(M20>N20, "▲", IF(M20<N20, "▼", "─")) -> ▲ | I20: 2814.3 | J20: =M20-I20 -> 196.8 | K20: =IF(M20>0, (M20-I20)/M20, 0) -> 0.065358175 | L20: 50032 | M20: =IFERROR(INDEX(Price_Update!$F:$F, MATCH(A20, Price_Update!$A:$A, 0)), 3011.1) -> 3011.1 | N20: =IFERROR(INDEX(Price_Update!$I:$I, MATCH(A20, Price_Update!$A:$A, 0)), 2998.3) -> 2998.3 | O20: 3045.6 | P20: 3052.89 | Q20: 3058.27 | R20: 3063.24 | S20: 3096.59 | T20: =F20*M20 -> 48177.6 | U20: =T20-L20 -> -1854.4 | V20: =IF(L20>0, U20/L20, 0) -> -0.037064279 | W20: -0.4980613 | X20: 20 | Z20: No | AA20: 3045.6
A21: METROPOLIS | B21: Small Cap | C21: Health / Pharma / Chem | D21: Core | E21: Cheat 1 | F21: 54 | G21: 544.58 | H21: =IF(M21>N21, "▲", IF(M21<N21, "▼", "─")) -> ▼ | I21: 490.12 | J21: =M21-I21 -> 46.03 | K21: =IF(M21>0, (M21-I21)/M21, 0) -> 0.08585284 | L21: 29407.32 | M21: =IFERROR(INDEX(Price_Update!$F:$F, MATCH(A21, Price_Update!$A:$A, 0)), 536.15) -> 536.15 | N21: =IFERROR(INDEX(Price_Update!$I:$I, MATCH(A21, Price_Update!$A:$A, 0)), 541.5) -> 541.5 | O21: 555.35 | P21: 536.86 | Q21: 536.11 | R21: 535.32 | S21: 526.08 | T21: =F21*M21 -> 28952.1 | U21: =T21-L21 -> -455.22 | V21: =IF(L21>0, U21/L21, 0) -> -0.015479819 | W21: -0.52044263 | X21: 2 | Y21: 4:1 Split on 2026-03-20 | Z21: No | AA21: 555.35
A22: METROPOLIS | B22: Small Cap | C22: Health / Pharma / Chem | D22: Core | E22: Cheat 1 | F22: 54 | G22: 544.58 | H22: =IF(M22>N22, "▲", IF(M22<N22, "▼", "─")) -> ▼ | I22: 490.12 | J22: =M22-I22 -> 46.03 | K22: =IF(M22>0, (M22-I22)/M22, 0) -> 0.08585284 | L22: 29407.32 | M22: =IFERROR(INDEX(Price_Update!$F:$F, MATCH(A22, Price_Update!$A:$A, 0)), 536.15) -> 536.15 | N22: =IFERROR(INDEX(Price_Update!$I:$I, MATCH(A22, Price_Update!$A:$A, 0)), 541.5) -> 541.5 | O22: 555.35 | P22: 536.86 | Q22: 536.11 | R22: 535.32 | S22: 526.08 | T22: =F22*M22 -> 28952.1 | U22: =T22-L22 -> -455.22 | V22: =IF(L22>0, U22/L22, 0) -> -0.015479819 | W22: -0.52044263 | X22: 2 | Y22: 4:1 Split on 2026-03-20 | Z22: No | AA22: 555.35
A23: NAVINFLUOR | B23: Mid Cap | C23: Health / Pharma / Chem | D23: Core | E23: Cheat 1 | F23: 4 | G23: 7050 | H23: =IF(M23>N23, "▲", IF(M23<N23, "▼", "─")) -> ▼ | I23: 6345 | J23: =M23-I23 -> 690.5 | K23: =IF(M23>0, (M23-I23)/M23, 0) -> 0.098145121 | L23: 28200 | M23: =IFERROR(INDEX(Price_Update!$F:$F, MATCH(A23, Price_Update!$A:$A, 0)), 7035.5) -> 7035.5 | N23: =IFERROR(INDEX(Price_Update!$I:$I, MATCH(A23, Price_Update!$A:$A, 0)), 7052) -> 7052 | O23: 7129 | P23: 7108.64 | Q23: 7107.95 | R23: 7105.49 | S23: 7029.6 | T23: =F23*M23 -> 28142 | U23: =T23-L23 -> -58 | V23: =IF(L23>0, U23/L23, 0) -> -0.0020567376 | W23: -0.31321991 | X23: 2 | Z23: No | AA23: 7129
A24: NGLFINE | B24: Small Cap | C24: Health / Pharma / Chem | D24: Core | E24: Cheat 1 | F24: 11 | G24: 2660 | H24: =IF(M24>N24, "▲", IF(M24<N24, "▼", "─")) -> ▼ | I24: 2394 | J24: =M24-I24 -> 251.1 | K24: =IF(M24>0, (M24-I24)/M24, 0) -> 0.094930248 | L24: 29260 | M24: =IFERROR(INDEX(Price_Update!$F:$F, MATCH(A24, Price_Update!$A:$A, 0)), 2645.1) -> 2645.1 | N24: =IFERROR(INDEX(Price_Update!$I:$I, MATCH(A24, Price_Update!$A:$A, 0)), 2654.5) -> 2654.5 | O24: 2785.1 | P24: 2655.07 | Q24: 2644.51 | R24: 2633.8 | S24: 2542.03 | T24: =F24*M24 -> 29096.1 | U24: =T24-L24 -> -163.9 | V24: =IF(L24>0, U24/L24, 0) -> -0.0056015038 | W24: -0.64125674 | X24: 2 | Z24: No | AA24: 2785.1
A25: NH | B25: Mid Cap | C25: Health / Pharma / Chem | D25: Core | E25: Cheat 1 | F25: 15 | G25: 1910.65 | H25: =IF(M25>N25, "▲", IF(M25<N25, "▼", "─")) -> ▲ | I25: 1719.59 | J25: =M25-I25 -> 261.01 | K25: =IF(M25>0, (M25-I25)/M25, 0) -> 0.1317833 | L25: 28659.75 | M25: =IFERROR(INDEX(Price_Update!$F:$F, MATCH(A25, Price_Update!$A:$A, 0)), 1980.6) -> 1980.6 | N25: =IFERROR(INDEX(Price_Update!$I:$I, MATCH(A25, Price_Update!$A:$A, 0)), 1934.2) -> 1934.2 | O25: 1894 | P25: 1920.45 | Q25: 1917.04 | R25: 1913.73 | S25: 1884.13 | T25: =F25*M25 -> 29709 | U25: =T25-L25 -> 1049.25 | V25: =IF(L25>0, U25/L25, 0) -> 0.036610578 | W25: 706.93251 | X25: 2 | Z25: No | AA25: 1894
A26: OFSS | B26: Mid Cap | C26: Technology | D26: Core | E26: Cheat 1 | F26: 3 | G26: 10301 | H26: =IF(M26>N26, "▲", IF(M26<N26, "▼", "─")) -> ▼ | I26: 9270.9 | J26: =M26-I26 -> 726.6 | K26: =IF(M26>0, (M26-I26)/M26, 0) -> 0.07267817 | L26: 30903 | M26: =IFERROR(INDEX(Price_Update!$F:$F, MATCH(A26, Price_Update!$A:$A, 0)), 9997.5) -> 9997.5 | N26: =IFERROR(INDEX(Price_Update!$I:$I, MATCH(A26, Price_Update!$A:$A, 0)), 10344.5) -> 10344.5 | O26: 9964 | P26: 10006.7 | Q26: 9977.64 | R26: 9948.04 | S26: 9632.57 | T26: =F26*M26 -> 29992.5 | U26: =T26-L26 -> -910.5 | V26: =IF(L26>0, U26/L26, 0) -> -0.029463159 | W26: 9.9999993 | X26: 2 | Z26: No | AA26: 9964
A27: POLYCAB | B27: Large Cap | C27: Consumption | D27: Core | E27: Tranch 4 | F27: 53 | G27: 7825.34 | H27: =IF(M27>N27, "▲", IF(M27<N27, "▼", "─")) -> ▲ | I27: 9146.72 | J27: =M27-I27 -> 424.78 | K27: =IF(M27>0, (M27-I27)/M27, 0) -> 0.044379669 | L27: 414743.02 | M27: =IFERROR(INDEX(Price_Update!$F:$F, MATCH(A27, Price_Update!$A:$A, 0)), 9571.5) -> 9571.5 | N27: =IFERROR(INDEX(Price_Update!$I:$I, MATCH(A27, Price_Update!$A:$A, 0)), 9531.5) -> 9531.5 | O27: 9477.5 | P27: 9447.26 | Q27: 9425.02 | R27: 9401.71 | S27: 9146.72 | T27: =F27*M27 -> 507289.5 | U27: =T27-L27 -> 92546.48 | V27: =IF(L27>0, U27/L27, 0) -> 0.22314174 | W27: 0.47606603 | X27: 269 | Z27: No | AA27: 9477.5
A28: POWERINDIA | B28: Large Cap | C28: Industrial | D28: Core | E28: Cheat 1 | F28: 1 | G28: 35105 | H28: =IF(M28>N28, "▲", IF(M28<N28, "▼", "─")) -> ▲ | I28: 31594.5 | J28: =M28-I28 -> 3595.5 | K28: =IF(M28>0, (M28-I28)/M28, 0) -> 0.10217391 | L28: 35105 | M28: =IFERROR(INDEX(Price_Update!$F:$F, MATCH(A28, Price_Update!$A:$A, 0)), 35190) -> 35190 | N28: =IFERROR(INDEX(Price_Update!$I:$I, MATCH(A28, Price_Update!$A:$A, 0)), 35105) -> 35105 | O28: 38445 | P28: 35923.08 | Q28: 35858.87 | R28: 35784.45 | S28: 34811.97 | T28: =F28*M28 -> 35190 | U28: =T28-L28 -> 85 | V28: =IF(L28>0, U28/L28, 0) -> 0.0024213075 | W28: 0.5548118 | X28: 2 | Z28: No | AA28: 38445
A29: PSPPROJECT | B29: Small Cap | C29: Industrial | D29: Core | E29: Cheat 1 | F29: 35 | G29: 838.6 | H29: =IF(M29>N29, "▲", IF(M29<N29, "▼", "─")) -> ▼ | I29: 754.74 | J29: =M29-I29 -> 65.31 | K29: =IF(M29>0, (M29-I29)/M29, 0) -> 0.079641485 | L29: 29351 | M29: =IFERROR(INDEX(Price_Update!$F:$F, MATCH(A29, Price_Update!$A:$A, 0)), 820.05) -> 820.05 | N29: =IFERROR(INDEX(Price_Update!$I:$I, MATCH(A29, Price_Update!$A:$A, 0)), 842.65) -> 842.65 | O29: 854.7 | P29: 823.38 | Q29: 821.39 | R29: 819.46 | S29: 801.95 | T29: =F29*M29 -> 28701.75 | U29: =T29-L29 -> -649.25 | V29: =IF(L29>0, U29/L29, 0) -> -0.0221202 | W29: -0.98313062 | X29: 2 | Z29: No | AA29: 854.7
A30: RAINBOW | B30: Small Cap | C30: Health / Pharma / Chem | D30: Core | E30: Cheat 1 | F30: 21 | G30: 1330.9 | H30: =IF(M30>N30, "▲", IF(M30<N30, "▼", "─")) -> ▲ | I30: 1197.81 | J30: =M30-I30 -> 156.39 | K30: =IF(M30>0, (M30-I30)/M30, 0) -> 0.11548516 | L30: 27948.9 | M30: =IFERROR(INDEX(Price_Update!$F:$F, MATCH(A30, Price_Update!$A:$A, 0)), 1354.2) -> 1354.2 | N30: =IFERROR(INDEX(Price_Update!$I:$I, MATCH(A30, Price_Update!$A:$A, 0)), 1341.4) -> 1341.4 | O30: 1380.3 | P30: 1356.91 | Q30: 1355.6 | R30: 1354.1 | S30: 1335.2 | T30: =F30*M30 -> 28438.2 | U30: =T30-L30 -> 489.3 | V30: =IF(L30>0, U30/L30, 0) -> 0.01750695 | W30: 22.745026 | X30: 2 | Z30: No | AA30: 1380.3
A31: SBCL | B31: Small Cap | C31: Industrial | D31: Core | E31: Cheat 1 | F31: 40 | G31: 729.68 | H31: =IF(M31>N31, "▲", IF(M31<N31, "▼", "─")) -> ▼ | I31: 656.71 | J31: =M31-I31 -> 67.19 | K31: =IF(M31>0, (M31-I31)/M31, 0) -> 0.092816687 | L31: 29187.2 | M31: =IFERROR(INDEX(Price_Update!$F:$F, MATCH(A31, Price_Update!$A:$A, 0)), 723.9) -> 723.9 | N31: =IFERROR(INDEX(Price_Update!$I:$I, MATCH(A31, Price_Update!$A:$A, 0)), 734.55) -> 734.55 | O31: 740 | P31: 719.62 | Q31: 716.01 | R31: 712.29 | S31: 676.01 | T31: =F31*M31 -> 28956 | U31: =T31-L31 -> -231.2 | V31: =IF(L31>0, U31/L31, 0) -> -0.0079212806 | W31: -0.7659019 | X31: 2 | Z31: No | AA31: 740
A32: SOLARINDS | B32: Large Cap | C32: Industrial | D32: Core | E32: Cheat 2 | F32: 4 | G32: 15640 | H32: =IF(M32>N32, "▲", IF(M32<N32, "▼", "─")) -> ▲ | I32: 14076 | J32: =M32-I32 -> 4501 | K32: =IF(M32>0, (M32-I32)/M32, 0) -> 0.24228885 | L32: 62560 | M32: =IFERROR(INDEX(Price_Update!$F:$F, MATCH(A32, Price_Update!$A:$A, 0)), 18577) -> 18577 | N32: =IFERROR(INDEX(Price_Update!$I:$I, MATCH(A32, Price_Update!$A:$A, 0)), 18386) -> 18386 | O32: 18247 | P32: 18288.93 | Q32: 18239.49 | R32: 18186.03 | S32: 17581.98 | T32: =F32*M32 -> 74308 | U32: =T32-L32 -> 11748 | V32: =IF(L32>0, U32/L32, 0) -> 0.18778772 | W32: 4.7169008 | X32: 76 | Z32: No | AA32: 18247
A33: SOLARINDS | B33: Large Cap | C33: Industrial | D33: Core | E33: Cheat 2 | F33: 4 | G33: 15640 | H33: =IF(M33>N33, "▲", IF(M33<N33, "▼", "─")) -> ▲ | I33: 14076 | J33: =M33-I33 -> 4501 | K33: =IF(M33>0, (M33-I33)/M33, 0) -> 0.24228885 | L33: 62560 | M33: =IFERROR(INDEX(Price_Update!$F:$F, MATCH(A33, Price_Update!$A:$A, 0)), 18577) -> 18577 | N33: =IFERROR(INDEX(Price_Update!$I:$I, MATCH(A33, Price_Update!$A:$A, 0)), 18386) -> 18386 | O33: 18247 | P33: 18288.93 | Q33: 18239.49 | R33: 18186.03 | S33: 17581.98 | T33: =F33*M33 -> 74308 | U33: =T33-L33 -> 11748 | V33: =IF(L33>0, U33/L33, 0) -> 0.18778772 | W33: 4.7169008 | X33: 76 | Z33: No | AA33: 18247
A34: SYRMA | B34: Small Cap | C34: Industrial | D34: Core | E34: Cheat 1 | F34: 26 | G34: 1152.9 | H34: =IF(M34>N34, "▲", IF(M34<N34, "▼", "─")) -> ▲ | I34: 1037.61 | J34: =M34-I34 -> 157.69 | K34: =IF(M34>0, (M34-I34)/M34, 0) -> 0.13192504 | L34: 29975.4 | M34: =IFERROR(INDEX(Price_Update!$F:$F, MATCH(A34, Price_Update!$A:$A, 0)), 1195.3) -> 1195.3 | N34: =IFERROR(INDEX(Price_Update!$I:$I, MATCH(A34, Price_Update!$A:$A, 0)), 1166.8) -> 1166.8 | O34: 1088.55 | P34: 1105.51 | Q34: 1100.18 | R34: 1095.42 | S34: 1060.51 | T34: =F34*M34 -> 31077.8 | U34: =T34-L34 -> 1102.4 | V34: =IF(L34>0, U34/L34, 0) -> 0.036776824 | W34: 727.72498 | X34: 2 | Z34: No | AA34: 1088.55
A35: TDPOWERSYS | B35: Small Cap | C35: Industrial | D35: Core | E35: Tranch 3 | F35: 321 | G35: 950.19 | H35: =IF(M35>N35, "▲", IF(M35<N35, "▼", "─")) -> ▲ | I35: 935.17 | J35: =M35-I35 -> 351.13 | K35: =IF(M35>0, (M35-I35)/M35, 0) -> 0.27297676 | L35: 305010.99 | M35: =IFERROR(INDEX(Price_Update!$F:$F, MATCH(A35, Price_Update!$A:$A, 0)), 1286.3) -> 1286.3 | N35: =IFERROR(INDEX(Price_Update!$I:$I, MATCH(A35, Price_Update!$A:$A, 0)), 1235) -> 1235 | O35: 1318.6 | P35: 1280.77 | Q35: 1279.8 | R35: 1278.28 | S35: 1246.07 | T35: =F35*M35 -> 412902.3 | U35: =T35-L35 -> 107891.31 | V35: =IF(L35>0, U35/L35, 0) -> 0.35372925 | W35: 4.2247996 | X35: 112 | Z35: No | AA35: 1318.6
A36: TIMKEN | B36: Small Cap | C36: Industrial | D36: Core | E36: Cheat 1 | F36: 8 | G36: 3520.1 | H36: =IF(M36>N36, "▲", IF(M36<N36, "▼", "─")) -> ▼ | I36: 3168.09 | J36: =M36-I36 -> 323.81 | K36: =IF(M36>0, (M36-I36)/M36, 0) -> 0.092731751 | L36: 28160.8 | M36: =IFERROR(INDEX(Price_Update!$F:$F, MATCH(A36, Price_Update!$A:$A, 0)), 3491.9) -> 3491.9 | N36: =IFERROR(INDEX(Price_Update!$I:$I, MATCH(A36, Price_Update!$A:$A, 0)), 3529.2) -> 3529.2 | O36: 3630.4 | P36: 3571.05 | Q36: 3572.74 | R36: 3573.63 | S36: 3562.31 | T36: =F36*M36 -> 27935.2 | U36: =T36-L36 -> -225.6 | V36: =IF(L36>0, U36/L36, 0) -> -0.008011136 | W36: -0.76959698 | X36: 2 | Z36: No | AA36: 3630.4
A37: TIPSMUSIC | B37: Small Cap | C37: Technology | D37: Core | E37: Cheat 1 | F37: 43 | G37: 663.75 | H37: =IF(M37>N37, "▲", IF(M37<N37, "▼", "─")) -> ▼ | I37: 597.38 | J37: =M37-I37 -> 62.47 | K37: =IF(M37>0, (M37-I37)/M37, 0) -> 0.094673032 | L37: 28541.25 | M37: =IFERROR(INDEX(Price_Update!$F:$F, MATCH(A37, Price_Update!$A:$A, 0)), 659.85) -> 659.85 | N37: =IFERROR(INDEX(Price_Update!$I:$I, MATCH(A37, Price_Update!$A:$A, 0)), 672.3) -> 672.3 | O37: 662.45 | P37: 661.49 | Q37: 660.96 | R37: 660.38 | S37: 651.86 | T37: =F37*M37 -> 28373.55 | U37: =T37-L37 -> -167.7 | V37: =IF(L37>0, U37/L37, 0) -> -0.0058757062 | W37: -0.65886572 | X37: 2 | Z37: No | AA37: 662.45
A38: TRITURBINE | B38: Small Cap | C38: Industrial | D38: Core | E38: Cheat 2 | F38: 114 | G38: 690.34 | H38: =IF(M38>N38, "▲", IF(M38<N38, "▼", "─")) -> ▼ | I38: 621.31 | J38: =M38-I38 -> 47.54 | K38: =IF(M38>0, (M38-I38)/M38, 0) -> 0.071077222 | L38: 78698.76 | M38: =IFERROR(INDEX(Price_Update!$F:$F, MATCH(A38, Price_Update!$A:$A, 0)), 668.85) -> 668.85 | N38: =IFERROR(INDEX(Price_Update!$I:$I, MATCH(A38, Price_Update!$A:$A, 0)), 689.25) -> 689.25 | O38: 741.5 | P38: 687.91 | Q38: 685.59 | R38: 683 | S38: 653.74 | T38: =F38*M38 -> 76248.9 | U38: =T38-L38 -> -2449.86 | V38: =IF(L38>0, U38/L38, 0) -> -0.031129588 | W38: -0.98745249 | X38: 3 | Z38: No | AA38: 741.5
A39: VBL | B39: Large Cap | C39: Consumption | D39: Core | E39: Cheat 1 | F39: 55 | G39: 533.75 | H39: =IF(M39>N39, "▲", IF(M39<N39, "▼", "─")) -> ▼ | I39: 480.38 | J39: =M39-I39 -> 53.02 | K39: =IF(M39>0, (M39-I39)/M39, 0) -> 0.099400075 | L39: 29356.25 | M39: =IFERROR(INDEX(Price_Update!$F:$F, MATCH(A39, Price_Update!$A:$A, 0)), 533.4) -> 533.4 | N39: =IFERROR(INDEX(Price_Update!$I:$I, MATCH(A39, Price_Update!$A:$A, 0)), 537) -> 537 | O39: 528 | P39: 529.39 | Q39: 528.6 | R39: 527.77 | S39: 518.34 | T39: =F39*M39 -> 29337 | U39: =T39-L39 -> -19.25 | V39: =IF(L39>0, U39/L39, 0) -> -0.0006557377 | W39: -0.11282355 | X39: 2 | Z39: No | AA39: 528
A40: ADANIENT | B40: Large Cap | C40: Industrial | D40: Satellite | E40: Tranch 1 | F40: 36 | G40: 2834.43 | H40: =IF(M40>N40, "▲", IF(M40<N40, "▼", "─")) -> ▼ | I40: 2550.99 | J40: =M40-I40 -> 374.61 | K40: =IF(M40>0, (M40-I40)/M40, 0) -> 0.12804553 | L40: 102039.48 | M40: =IFERROR(INDEX(Price_Update!$F:$F, MATCH(A40, Price_Update!$A:$A, 0)), 2925.6) -> 2925.6 | N40: =IFERROR(INDEX(Price_Update!$I:$I, MATCH(A40, Price_Update!$A:$A, 0)), 2968.1) -> 2968.1 | O40: 2937.4 | P40: 2592.96 | Q40: 2562.46 | R40: 2535.59 | S40: 2394.19 | T40: =F40*M40 -> 105321.6 | U40: =T40-L40 -> 3282.12 | V40: =IF(L40>0, U40/L40, 0) -> 0.032165197 | W40: 1.4049885 | X40: 20 | Z40: No | AA40: 2937.4
A41: AJANTPHARM | B41: Mid Cap | C41: Health / Pharma / Chem | D41: Satellite | E41: Cheat 2 | F41: 14 | G41: 3134.66 | H41: =IF(M41>N41, "▲", IF(M41<N41, "▼", "─")) -> ▲ | I41: 2821.19 | J41: =M41-I41 -> 108.01 | K41: =IF(M41>0, (M41-I41)/M41, 0) -> 0.036873549 | L41: 43885.24 | M41: =IFERROR(INDEX(Price_Update!$F:$F, MATCH(A41, Price_Update!$A:$A, 0)), 2929.2) -> 2929.2 | N41: =IFERROR(INDEX(Price_Update!$I:$I, MATCH(A41, Price_Update!$A:$A, 0)), 2912.2) -> 2912.2 | O41: 2928.9 | P41: 2952.06 | Q41: 2946.35 | R41: 2940.55 | S41: 2882.15 | T41: =F41*M41 -> 41008.8 | U41: =T41-L41 -> -2876.44 | V41: =IF(L41>0, U41/L41, 0) -> -0.065544589 | W41: -0.38839257 | X41: 150 | Z41: No | AA41: 2928.9
A42: APOLLO | B42: Small Cap | C42: Industrial | D42: Satellite | E42: Tranch 2 | F42: 556 | G42: 360.41 | H42: =IF(M42>N42, "▲", IF(M42<N42, "▼", "─")) -> ▼ | I42: 376.96 | J42: =M42-I42 -> 30.59 | K42: =IF(M42>0, (M42-I42)/M42, 0) -> 0.075058275 | L42: 200387.96 | M42: =IFERROR(INDEX(Price_Update!$F:$F, MATCH(A42, Price_Update!$A:$A, 0)), 407.55) -> 407.55 | N42: =IFERROR(INDEX(Price_Update!$I:$I, MATCH(A42, Price_Update!$A:$A, 0)), 437) -> 437 | O42: 409 | P42: 331.99 | Q42: 325.96 | R42: 320.63 | S42: 289.93 | T42: =F42*M42 -> 226597.8 | U42: =T42-L42 -> 26209.84 | V42: =IF(L42>0, U42/L42, 0) -> 0.13079548 | W42: 21.181736 | X42: 31 | Z42: No | AA42: 409
A43: ASTRAMICRO | B43: Small Cap | C43: Industrial | D43: Satellite | E43: Tranch 1 | F43: 80 | G43: 1259.46 | H43: =IF(M43>N43, "▲", IF(M43<N43, "▼", "─")) -> ▼ | I43: 1133.51 | J43: =M43-I43 -> 190.19 | K43: =IF(M43>0, (M43-I43)/M43, 0) -> 0.14368059 | L43: 100756.8 | M43: =IFERROR(INDEX(Price_Update!$F:$F, MATCH(A43, Price_Update!$A:$A, 0)), 1323.7) -> 1323.7 | N43: =IFERROR(INDEX(Price_Update!$I:$I, MATCH(A43, Price_Update!$A:$A, 0)), 1323.8) -> 1323.8 | O43: 1401.7 | P43: 1185.2 | Q43: 1172.36 | R43: 1160.81 | S43: 1090.32 | T43: =F43*M43 -> 105896 | U43: =T43-L43 -> 5139.2 | V43: =IF(L43>0, U43/L43, 0) -> 0.051005987 | W43: 1.262721 | X43: 38 | Z43: No | AA43: 1401.7
A44: AUROPHARMA | B44: Mid Cap | C44: Health / Pharma / Chem | D44: Satellite | E44: Cheat 1 | F44: 33 | G44: 1505.6 | H44: =IF(M44>N44, "▲", IF(M44<N44, "▼", "─")) -> ▲ | I44: 1355.04 | J44: =M44-I44 -> 85.36 | K44: =IF(M44>0, (M44-I44)/M44, 0) -> 0.059261316 | L44: 49684.8 | M44: =IFERROR(INDEX(Price_Update!$F:$F, MATCH(A44, Price_Update!$A:$A, 0)), 1440.4) -> 1440.4 | N44: =IFERROR(INDEX(Price_Update!$I:$I, MATCH(A44, Price_Update!$A:$A, 0)), 1429.2) -> 1429.2 | O44: 1426.4 | P44: 1418.51 | Q44: 1411.57 | R44: 1404.61 | S44: 1344.75 | T44: =F44*M44 -> 47533.2 | U44: =T44-L44 -> -2151.6 | V44: =IF(L44>0, U44/L44, 0) -> -0.043304995 | W44: -0.61345872 | X44: 17 | Z44: No | AA44: 1426.4
A45: BALAMINES | B45: Small Cap | C45: Health / Pharma / Chem | D45: Satellite | E45: Tranch 1 | F45: 56 | G45: 1762.28 | H45: =IF(M45>N45, "▲", IF(M45<N45, "▼", "─")) -> ▲ | I45: 1586.05 | J45: =M45-I45 -> 536.15 | K45: =IF(M45>0, (M45-I45)/M45, 0) -> 0.25263877 | L45: 98687.68 | M45: =IFERROR(INDEX(Price_Update!$F:$F, MATCH(A45, Price_Update!$A:$A, 0)), 2122.2) -> 2122.2 | N45: =IFERROR(INDEX(Price_Update!$I:$I, MATCH(A45, Price_Update!$A:$A, 0)), 2016.1) -> 2016.1 | O45: 1775.6 | P45: 1619.05 | Q45: 1587.03 | R45: 1558.86 | S45: 1408.16 | T45: =F45*M45 -> 118843.2 | U45: =T45-L45 -> 20155.52 | V45: =IF(L45>0, U45/L45, 0) -> 0.20423542 | W45: 89.974525 | X45: 17 | Z45: No | AA45: 1775.6
A46: CGPOWER | B46: Large Cap | C46: Industrial | D46: Satellite | E46: Tranch 2 | F46: 230 | G46: 864.34 | H46: =IF(M46>N46, "▲", IF(M46<N46, "▼", "─")) -> ▼ | I46: 904.76 | J46: =M46-I46 -> 1.89 | K46: =IF(M46>0, (M46-I46)/M46, 0) -> 0.0020845971 | L46: 198798.2 | M46: =IFERROR(INDEX(Price_Update!$F:$F, MATCH(A46, Price_Update!$A:$A, 0)), 906.65) -> 906.65 | N46: =IFERROR(INDEX(Price_Update!$I:$I, MATCH(A46, Price_Update!$A:$A, 0)), 907.7) -> 907.7 | O46: 917.45 | P46: 841.07 | Q46: 833.28 | R46: 826.02 | S46: 776.79 | T46: =F46*M46 -> 208529.5 | U46: =T46-L46 -> 9731.3 | V46: =IF(L46>0, U46/L46, 0) -> 0.048950644 | W46: 0.42659116 | X46: 112 | Z46: No | AA46: 917.45
A47: CUPID | B47: Small Cap | C47: Consumption | D47: Satellite | E47: Tranch 2 | F47: 1825 | G47: 97.74 | H47: =IF(M47>N47, "▲", IF(M47<N47, "▼", "─")) -> ▲ | I47: 104.64 | J47: =M47-I47 -> 25.16 | K47: =IF(M47>0, (M47-I47)/M47, 0) -> 0.19383667 | L47: 178375.5 | M47: =IFERROR(INDEX(Price_Update!$F:$F, MATCH(A47, Price_Update!$A:$A, 0)), 129.8) -> 129.8 | N47: =IFERROR(INDEX(Price_Update!$I:$I, MATCH(A47, Price_Update!$A:$A, 0)), 128.35) -> 128.35 | O47: 129.06 | P47: 117.59 | Q47: 115.99 | R47: 114.46 | S47: 101.7 | T47: =F47*M47 -> 236885 | U47: =T47-L47 -> 58509.5 | V47: =IF(L47>0, U47/L47, 0) -> 0.3280131 | W47: 1.3948107 | X47: 149 | Y47: 5:1 Split on 2026-03-09 | Z47: No | AA47: 129.06
A48: EXIDEIND | B48: Small Cap | C48: Industrial | D48: Satellite | E48: Cheat 1 | F48: 129 | G48: 389.65 | H48: =IF(M48>N48, "▲", IF(M48<N48, "▼", "─")) -> ▼ | I48: 350.69 | J48: =M48-I48 -> 48.26 | K48: =IF(M48>0, (M48-I48)/M48, 0) -> 0.12096754 | L48: 50264.85 | M48: =IFERROR(INDEX(Price_Update!$F:$F, MATCH(A48, Price_Update!$A:$A, 0)), 398.95) -> 398.95 | N48: =IFERROR(INDEX(Price_Update!$I:$I, MATCH(A48, Price_Update!$A:$A, 0)), 406.25) -> 406.25 | O48: 386.5 | P48: 359.1 | Q48: 357.01 | R48: 355.28 | S48: 349.5 | T48: =F48*M48 -> 51464.55 | U48: =T48-L48 -> 1199.7 | V48: =IF(L48>0, U48/L48, 0) -> 0.023867573 | W48: 16.633058 | X48: 3 | Z48: No | AA48: 386.5
A49: GAEL | B49: Small Cap | C49: Consumption | D49: Satellite | E49: Cheat 2 | F49: 362 | G49: 138.75 | H49: =IF(M49>N49, "▲", IF(M49<N49, "▼", "─")) -> ▼ | I49: 124.88 | J49: =M49-I49 -> 28.12 | K49: =IF(M49>0, (M49-I49)/M49, 0) -> 0.18379085 | L49: 50227.5 | M49: =IFERROR(INDEX(Price_Update!$F:$F, MATCH(A49, Price_Update!$A:$A, 0)), 153) -> 153 | N49: =IFERROR(INDEX(Price_Update!$I:$I, MATCH(A49, Price_Update!$A:$A, 0)), 155.62) -> 155.62 | O49: 154.89 | P49: 154.29 | Q49: 153.57 | R49: 152.83 | S49: 145.64 | T49: =F49*M49 -> 55386 | U49: =T49-L49 -> 5158.5 | V49: =IF(L49>0, U49/L49, 0) -> 0.1027027 | W49: 0.27679997 | X49: 153 | Z49: No | AA49: 154.89
A50: GPIL | B50: Small Cap | C50: Industrial | D50: Satellite | E50: Cheat 2 | F50: 276 | G50: 278.74 | H50: =IF(M50>N50, "▲", IF(M50<N50, "▼", "─")) -> ▼ | I50: 250.87 | J50: =M50-I50 -> 35.38 | K50: =IF(M50>0, (M50-I50)/M50, 0) -> 0.12359825 | L50: 76932.24 | M50: =IFERROR(INDEX(Price_Update!$F:$F, MATCH(A50, Price_Update!$A:$A, 0)), 286.25) -> 286.25 | N50: =IFERROR(INDEX(Price_Update!$I:$I, MATCH(A50, Price_Update!$A:$A, 0)), 286.35) -> 286.35 | O50: 288.05 | P50: 286.64 | Q50: 285.83 | R50: 284.97 | S50: 276 | T50: =F50*M50 -> 79005 | U50: =T50-L50 -> 2072.76 | V50: =IF(L50>0, U50/L50, 0) -> 0.026942671 | W50: 0.045640341 | X50: 220 | Z50: No | AA50: 288.05
A51: HINDALCO | B51: Large Cap | C51: Industrial | D51: Satellite | E51: Tranch 4 | F51: 340 | G51: 902.46 | H51: =IF(M51>N51, "▲", IF(M51<N51, "▼", "─")) -> ▼ | I51: 994.86 | J51: =M51-I51 -> 144.04 | K51: =IF(M51>0, (M51-I51)/M51, 0) -> 0.12647291 | L51: 306836.4 | M51: =IFERROR(INDEX(Price_Update!$F:$F, MATCH(A51, Price_Update!$A:$A, 0)), 1138.9) -> 1138.9 | N51: =IFERROR(INDEX(Price_Update!$I:$I, MATCH(A51, Price_Update!$A:$A, 0)), 1146.3) -> 1146.3 | O51: 1126.7 | P51: 1066.39 | Q51: 1058.87 | R51: 1051.77 | S51: 994.86 | T51: =F51*M51 -> 387226 | U51: =T51-L51 -> 80389.6 | V51: =IF(L51>0, U51/L51, 0) -> 0.26199499 | W51: 0.71356197 | X51: 241 | Z51: No | AA51: 1126.7
A52: LAURUSLABS | B52: Mid Cap | C52: Health / Pharma / Chem | D52: Satellite | E52: Tranch 1 | F52: 75 | G52: 1350.41 | H52: =IF(M52>N52, "▲", IF(M52<N52, "▼", "─")) -> ▲ | I52: 1215.37 | J52: =M52-I52 -> 178.93 | K52: =IF(M52>0, (M52-I52)/M52, 0) -> 0.12832963 | L52: 101280.75 | M52: =IFERROR(INDEX(Price_Update!$F:$F, MATCH(A52, Price_Update!$A:$A, 0)), 1394.3) -> 1394.3 | N52: =IFERROR(INDEX(Price_Update!$I:$I, MATCH(A52, Price_Update!$A:$A, 0)), 1382.6) -> 1382.6 | O52: 1362 | P52: 1256.36 | Q52: 1243.43 | R52: 1231.62 | S52: 1148.9 | T52: =F52*M52 -> 104572.5 | U52: =T52-L52 -> 3291.75 | V52: =IF(L52>0, U52/L52, 0) -> 0.03250124 | W52: 1.4507374 | X52: 20 | Z52: No | AA52: 1362
A53: NETWEB | B53: Small Cap | C53: Tech / Platform / IT | D53: Satellite | E53: Cheat 1 | F53: 11 | G53: 4599.12 | H53: =IF(M53>N53, "▲", IF(M53<N53, "▼", "─")) -> ▼ | I53: 4139.21 | J53: =M53-I53 -> 566.09 | K53: =IF(M53>0, (M53-I53)/M53, 0) -> 0.12030901 | L53: 50590.32 | M53: =IFERROR(INDEX(Price_Update!$F:$F, MATCH(A53, Price_Update!$A:$A, 0)), 4705.3) -> 4705.3 | N53: =IFERROR(INDEX(Price_Update!$I:$I, MATCH(A53, Price_Update!$A:$A, 0)), 4782.8) -> 4782.8 | O53: 4670.7 | P53: 4113.31 | Q53: 4069.62 | R53: 4029.82 | S53: 3755.08 | T53: =F53*M53 -> 51758.3 | U53: =T53-L53 -> 1167.98 | V53: =IF(L53>0, U53/L53, 0) -> 0.023087025 | W53: 15.071253 | X53: 3 | Z53: No | AA53: 4670.7
A54: NRBBEARING | B54: Small Cap | C54: Industrial | D54: Satellite | E54: Cheat 2 | F54: 133 | G54: 377.97 | H54: =IF(M54>N54, "▲", IF(M54<N54, "▼", "─")) -> ▲ | I54: 340.17 | J54: =M54-I54 -> 17.18 | K54: =IF(M54>0, (M54-I54)/M54, 0) -> 0.048076116 | L54: 50270.01 | M54: =IFERROR(INDEX(Price_Update!$F:$F, MATCH(A54, Price_Update!$A:$A, 0)), 357.35) -> 357.35 | N54: =IFERROR(INDEX(Price_Update!$I:$I, MATCH(A54, Price_Update!$A:$A, 0)), 356.45) -> 356.45 | O54: 370 | P54: 327.31 | Q54: 323.32 | R54: 319.73 | S54: 298.35 | T54: =F54*M54 -> 47527.55 | U54: =T54-L54 -> -2742.46 | V54: =IF(L54>0, U54/L54, 0) -> -0.054554594 | W54: -0.83171472 | X54: 13 | Z54: No | AA54: 370
A55: SEAMECLTD | B55: Small Cap | C55: Industrial | D55: Satellite | E55: Cheat 4 | F55: 42 | G55: 1353.87 | H55: =IF(M55>N55, "▲", IF(M55<N55, "▼", "─")) -> ▼ | I55: 1218.48 | J55: =M55-I55 -> 398.82 | K55: =IF(M55>0, (M55-I55)/M55, 0) -> 0.24659618 | L55: 56862.54 | M55: =IFERROR(INDEX(Price_Update!$F:$F, MATCH(A55, Price_Update!$A:$A, 0)), 1617.3) -> 1617.3 | N55: =IFERROR(INDEX(Price_Update!$I:$I, MATCH(A55, Price_Update!$A:$A, 0)), 1643.3) -> 1643.3 | O55: 1614.6 | P55: 1547.43 | Q55: 1536.93 | R55: 1526.2 | S55: 1420.41 | T55: =F55*M55 -> 67926.6 | U55: =T55-L55 -> 11064.06 | V55: =IF(L55>0, U55/L55, 0) -> 0.19457555 | W55: 0.8254356 | X55: 125 | Z55: No | AA55: 1614.6
A56: SFL | B56: Small Cap | C56: Consumption | D56: Satellite | E56: Cheat 1 | F56: 40 | G56: 639.2 | H56: =IF(M56>N56, "▲", IF(M56<N56, "▼", "─")) -> ▼ | I56: 575.28 | J56: =M56-I56 -> 24.07 | K56: =IF(M56>0, (M56-I56)/M56, 0) -> 0.040160174 | L56: 25568 | M56: =IFERROR(INDEX(Price_Update!$F:$F, MATCH(A56, Price_Update!$A:$A, 0)), 599.35) -> 599.35 | N56: =IFERROR(INDEX(Price_Update!$I:$I, MATCH(A56, Price_Update!$A:$A, 0)), 604.95) -> 604.95 | O56: 605 | P56: 579.99 | Q56: 577.39 | R56: 575.27 | S56: 571.71 | T56: =F56*M56 -> 23974 | U56: =T56-L56 -> -1594 | V56: =IF(L56>0, U56/L56, 0) -> -0.062343554 | W56: -0.83591294 | X56: 13 | Z56: No | AA56: 605
A57: SKIPPER | B57: Small Cap | C57: Industrial | D57: Satellite | E57: Cheat 1 | F57: 92 | G57: 547 | H57: =IF(M57>N57, "▲", IF(M57<N57, "▼", "─")) -> ▼ | I57: 492.3 | J57: =M57-I57 -> 78.2 | K57: =IF(M57>0, (M57-I57)/M57, 0) -> 0.13707274 | L57: 50324 | M57: =IFERROR(INDEX(Price_Update!$F:$F, MATCH(A57, Price_Update!$A:$A, 0)), 570.5) -> 570.5 | N57: =IFERROR(INDEX(Price_Update!$I:$I, MATCH(A57, Price_Update!$A:$A, 0)), 572.4) -> 572.4 | O57: 549.35 | P57: 480.95 | Q57: 475.13 | R57: 470.07 | S57: 446.37 | T57: =F57*M57 -> 52486 | U57: =T57-L57 -> 2162 | V57: =IF(L57>0, U57/L57, 0) -> 0.042961609 | W57: 165.97286 | X57: 3 | Z57: No | AA57: 549.35
A58: SUNPHARMA | B58: Large Cap | C58: Health / Pharma / Chem | D58: Satellite | E58: Cheat 1 | F58: 26 | G58: 1899.2 | H58: =IF(M58>N58, "▲", IF(M58<N58, "▼", "─")) -> ▼ | I58: 1709.28 | J58: =M58-I58 -> 79.22 | K58: =IF(M58>0, (M58-I58)/M58, 0) -> 0.044294101 | L58: 49379.2 | M58: =IFERROR(INDEX(Price_Update!$F:$F, MATCH(A58, Price_Update!$A:$A, 0)), 1788.5) -> 1788.5 | N58: =IFERROR(INDEX(Price_Update!$I:$I, MATCH(A58, Price_Update!$A:$A, 0)), 1789.9) -> 1789.9 | O58: 1799.2 | P58: 1788.47 | Q58: 1784.97 | R58: 1781.67 | S58: 1757.23 | T58: =F58*M58 -> 46501 | U58: =T58-L58 -> -2878.2 | V58: =IF(L58>0, U58/L58, 0) -> -0.0582877 | W58: -0.72457121 | X58: 17 | Z58: No | AA58: 1799.2
A59: TATATECH | B59: Small Cap | C59: Tech / Platform / IT | D59: Satellite | E59: Tranch 1 | F59: 145 | G59: 691.04 | H59: =IF(M59>N59, "▲", IF(M59<N59, "▼", "─")) -> ▼ | I59: 621.94 | J59: =M59-I59 -> 109.11 | K59: =IF(M59>0, (M59-I59)/M59, 0) -> 0.14925108 | L59: 100200.8 | M59: =IFERROR(INDEX(Price_Update!$F:$F, MATCH(A59, Price_Update!$A:$A, 0)), 731.05) -> 731.05 | N59: =IFERROR(INDEX(Price_Update!$I:$I, MATCH(A59, Price_Update!$A:$A, 0)), 737.95) -> 737.95 | O59: 705.3 | P59: 648.43 | Q59: 643.94 | R59: 640.28 | S59: 628.76 | T59: =F59*M59 -> 106002.25 | U59: =T59-L59 -> 5801.45 | V59: =IF(L59>0, U59/L59, 0) -> 0.05789824 | W59: 5.3825086 | X59: 16 | Z59: No | AA59: 705.3
A60: THERMAX | B60: Mid Cap | C60: Industrial | D60: Satellite | E60: Cheat 2 | F60: 11 | G60: 4962.78 | H60: =IF(M60>N60, "▲", IF(M60<N60, "▼", "─")) -> ▼ | I60: 4466.5 | J60: =M60-I60 -> 318 | K60: =IF(M60>0, (M60-I60)/M60, 0) -> 0.066464625 | L60: 54590.58 | M60: =IFERROR(INDEX(Price_Update!$F:$F, MATCH(A60, Price_Update!$A:$A, 0)), 4784.5) -> 4784.5 | N60: =IFERROR(INDEX(Price_Update!$I:$I, MATCH(A60, Price_Update!$A:$A, 0)), 4969.7) -> 4969.7 | O60: 4982.7 | P60: 4365.27 | Q60: 4307.8 | R60: 4253.88 | S60: 3883.95 | T60: =F60*M60 -> 52629.5 | U60: =T60-L60 -> -1961.08 | V60: =IF(L60>0, U60/L60, 0) -> -0.035923414 | W60: -0.92445331 | X60: 6 | Z60: No | AA60: 4982.7
A61: ZYDUSLIFE | B61: Large Cap | C61: Health / Pharma / Chem | D61: Satellite | E61: Cheat 1 | F61: 46 | G61: 1092.4 | H61: =IF(M61>N61, "▲", IF(M61<N61, "▼", "─")) -> ▼ | I61: 983.16 | J61: =M61-I61 -> 93.44 | K61: =IF(M61>0, (M61-I61)/M61, 0) -> 0.086791752 | L61: 50250.4 | M61: =IFERROR(INDEX(Price_Update!$F:$F, MATCH(A61, Price_Update!$A:$A, 0)), 1076.6) -> 1076.6 | N61: =IFERROR(INDEX(Price_Update!$I:$I, MATCH(A61, Price_Update!$A:$A, 0)), 1078.3) -> 1078.3 | O61: 1077.7 | P61: 998.78 | Q61: 992.62 | R61: 987.25 | S61: 959.05 | T61: =F61*M61 -> 49523.6 | U61: =T61-L61 -> -726.8 | V61: =IF(L61>0, U61/L61, 0) -> -0.014463566 | W61: -0.83010658 | X61: 3 | Z61: No | AA61: 1077.7

Sheet Core_Watchlist
A1: Month | B1: Company | C1: Company Name | D1: Sector | E1: Theme | F1: Market Cap (MC) | G1: Trend Status | L1: No of shares | P1: 3000000
A2: 46143 | B2: CARYSIL | C2: #VALUE! | D2: {=_FV(C2,"Industry")} -> Homebuilding & Construction Supplies | E2: Consumption | F2: SC (Small Cap) | G2: Strong Trend- Green | I2: {=_FV(C2,"Price")} -> 1138 | J2: =$O$4/31 -> 29032.258 | K2: =J2/I2 -> 25.51165 | L2: 27.492669 | P2: 100000 | Q2: =$P$2/I2 -> 87.873462
A3: 46143 | B3: HBLENGINE | C3: #VALUE! | D3: {=_FV(C3,"Industry")} -> Machinery, Equipment & Components | E3: Industrial | F3: SC (Small Cap) | G3: Strong Trend- Green | I3: {=_FV(C3,"Price")} -> 786.25 | J3: =$O$4/31 -> 29032.258 | K3: =J3/I3 -> 36.924971 | L3: 36.374438 | M3: 7000000 | N3: 1600000 | Q3: =$P$2/I3 -> 127.18601
A4: 46143 | B4: NEULANDLAB | C4: #VALUE! | D4: {=_FV(C4,"Industry")} -> Pharmaceuticals | E4: Health / Pharma / Chem | F4: SC (Small Cap) | G4: Strong Trend- Green | I4: {=_FV(C4,"Price")} -> 16992 | J4: =$O$4/31 -> 29032.258 | K4: =J4/I4 -> 1.7085839 | L4: 1.6881183 | M4: =M3-N3 -> 5400000 | N4: 6 | O4: =M4/N4 -> 900000 | Q4: =$P$2/I4 -> 5.8851224
A5: 46143 | B5: POWERINDIA | C5: #VALUE! | D5: {=_FV(C5,"Industry")} -> Machinery, Equipment & Components | E5: Industrial | F5: MC (Mid Cap) | G5: Strong Trend- Green | I5: {=_FV(C5,"Price")} -> 35190 | J5: =$O$4/31 -> 29032.258 | K5: =J5/I5 -> 0.82501444 | L5: 0.79802798 | Q5: =$P$2/I5 -> 2.8417164
A6: 46143 | B6: SYRMA | C6: #VALUE! | D6: {=_FV(C6,"Industry")} -> Electronic Equipment & Parts | E6: Industrial | F6: SC (Small Cap) | G6: Strong Trend- Green | I6: {=_FV(C6,"Price")} -> 1195.3 | J6: =$O$4/31 -> 29032.258 | K6: =J6/I6 -> 24.288679 | L6: 26.218963 | Q6: =$P$2/I6 -> 83.661006
A7: 46143 | B7: VBL | C7: #VALUE! | D7: {=_FV(C7,"Industry")} -> Beverages | E7: Consumption | F7: LC (Large Cap) | G7: Strong Trend- Green | I7: {=_FV(C7,"Price")} -> 533.4 | J7: =$O$4/31 -> 29032.258 | K7: =J7/I7 -> 54.42868 | L7: 55.246923 | Q7: =$P$2/I7 -> 187.47657
A8: 46143 | B8: BAJAJ-AUTO | C8: #VALUE! | D8: {=_FV(C8,"Industry")} -> Automobiles & Auto Parts | E8: Consumption | F8: LC (Large Cap) | G8: Strong Trend- Green | I8: {=_FV(C8,"Price")} -> 10259 | J8: =$O$4/31 -> 29032.258 | K8: =J8/I8 -> 2.8299306 | L8: 2.7980202 | Q8: =$P$2/I8 -> 9.7475387
A9: 46143 | B9: TIPSMUSIC | C9: #VALUE! | D9: {=_FV(C9,"Industry")} -> Media & Publishing | E9: Technology | F9: SC (Small Cap) | G9: Strong Trend- Green | I9: {=_FV(C9,"Price")} -> 659.85 | J9: =$O$4/31 -> 29032.258 | K9: =J9/I9 -> 43.998269 | L9: 44.310528 | Q9: =$P$2/I9 -> 151.54959
A10: 46143 | B10: AIAENG | C10: #VALUE! | D10: {=_FV(C10,"Industry")} -> Machinery, Equipment & Components | E10: Industrial | F10: SC (Small Cap) | G10: Strong Trend- Green | I10: {=_FV(C10,"Price")} -> 4521.3 | J10: =$O$4/31 -> 29032.258 | K10: =J10/I10 -> 6.4212191 | L10: 6.4192314 | Q10: =$P$2/I10 -> 22.117533
A11: 46143 | B11: ACUTAAS | C11: #VALUE! | D11: {=_FV(C11,"Industry")} -> Chemicals | E11: Health / Pharma / Chem | F11: SC (Small Cap) | G11: Strong Trend- Green | I11: {=_FV(C11,"Price")} -> 3135.7 | J11: =$O$4/31 -> 29032.258 | K11: =J11/I11 -> 9.2586211 | L11: 9.6168333 | Q11: =$P$2/I11 -> 31.890806
A12: 46143 | B12: OFSS | C12: #VALUE! | D12: {=_FV(C12,"Industry")} -> Software & IT Services | E12: Technology | F12: MC (Mid Cap) | G12: Strong Trend- Green | I12: {=_FV(C12,"Price")} -> 9997.5 | J12: =$O$4/31 -> 29032.258 | K12: =J12/I12 -> 2.9039518 | L12: 2.8488135 | Q12: =$P$2/I12 -> 10.002501
A13: 46143 | B13: APARINDS | C13: #VALUE! | D13: {=_FV(C13,"Industry")} -> Machinery, Equipment & Components | E13: Industrial | F13: MC (Mid Cap) | G13: Strong Trend- Green | I13: {=_FV(C13,"Price")} -> 13538 | J13: =$O$4/31 -> 29032.258 | K13: =J13/I13 -> 2.1445013 | L13: 2.267968 | Q13: =$P$2/I13 -> 7.3866155
A14: 46143 | B14: CRAFTSMAN | C14: #VALUE! | D14: {=_FV(C14,"Industry")} -> Machinery, Equipment & Components | E14: Industrial | F14: SC (Small Cap) | G14: Strong Trend- Green | I14: {=_FV(C14,"Price")} -> 8898.5 | J14: =$O$4/31 -> 29032.258 | K14: =J14/I14 -> 3.2626013 | L14: 3.3098396 | Q14: =$P$2/I14 -> 11.237849
A15: 46143 | B15: LALPATHLAB | C15: #VALUE! | D15: {=_FV(C15,"Industry")} -> Healthcare Providers & Services | E15: Health / Pharma / Chem | F15: SC (Small Cap) | G15: Strong Trend- Green | I15: {=_FV(C15,"Price")} -> 1569.6 | J15: =$O$4/31 -> 29032.258 | K15: =J15/I15 -> 18.496597 | L15: 18.406301 | Q15: =$P$2/I15 -> 63.710499
A16: 46143 | B16: FCL | C16: #VALUE! | D16: {=_FV(C16,"Industry")} -> Chemicals | E16: Health / Pharma / Chem | F16: SC (Small Cap) | G16: Strong Trend- Green | I16: {=_FV(C16,"Price")} -> 43.54 | J16: =$O$4/31 -> 29032.258 | K16: =J16/I16 -> 666.79509 | L16: 710.00876 | Q16: =$P$2/I16 -> 2296.7386
... A32: 46143 | B32: GVT&D | C32: #VALUE! | D32: {=_FV(C32,"Industry")} -> Machinery, Equipment & Components | E32: Industrial | F32: MC (Mid Cap) | G32: Strong Trend- Green | I32: {=_FV(C32,"Price")} -> 4964.5 | J32: =$O$4/31 -> 29032.258 | K32: =J32/I32 -> 5.8479722 | L32: 6.1056274 | Q32: =$P$2/I32 -> 20.143015
A33: 46143 | B33: POWERGRID | C33: #VALUE! | D33: {=_FV(C33,"Industry")} -> Electrical Utilities & IPPs | E33: Industrial | F33: LC (Large Cap) | G33: Medium Trend
A34: 46143 | B34: TATAPOWER | C34: #VALUE! | D34: {=_FV(C34,"Industry")} -> Electrical Utilities & IPPs | E34: Industrial | F34: LC (Large Cap) | G34: Medium Trend
A35: 46143 | B35: SCHAEFFLER | C35: #VALUE! | D35: {=_FV(C35,"Industry")} -> Machinery, Equipment & Components | E35: Industrial | F35: MC (Mid Cap) | G35: Medium Trend
A36: 46143 | B36: SUNPHARMA | C36: #VALUE! | D36: {=_FV(C36,"Industry")} -> Pharmaceuticals | E36: Health / Pharma / Chem | F36: LC (Large Cap) | G36: Medium Trend
A37: 46143 | B37: APLAPOLLO | C37: #VALUE! | D37: {=_FV(C37,"Industry")} -> Metals & Mining | E37: Industrial | F37: MC (Mid Cap) | G37: Medium Trend
A38: 46143 | B38: ESABINDIA | C38: #VALUE! | D38: {=_FV(C38,"Industry")} -> Machinery, Equipment & Components | E38: Industrial | F38: SC (Small Cap) | G38: Medium Trend
A39: 46143 | B39: FIEMIND | C39: #VALUE! | D39: {=_FV(C39,"Industry")} -> Automobiles & Auto Parts | E39: Industrial | F39: SC (Small Cap) | G39: Medium Trend
A40: 46143 | B40: SIEMENS | C40: #VALUE! | D40: {=_FV(C40,"Industry")} -> Machinery, Equipment & Components | E40: Industrial | F40: LC (Large Cap) | G40: Medium Trend
A41: 46143 | B41: SIRCA | C41: #VALUE! | D41: {=_FV(C41,"Industry")} -> Chemicals | E41: Consumption | F41: SC (Small Cap) | G41: Medium Trend
A42: 46143 | B42: TITAN | C42: #VALUE! | D42: {=_FV(C42,"Industry")} -> Textiles & Apparel | E42: Consumption | F42: LC (Large Cap) | G42: Medium Trend
A43: 46143 | B43: DATAPATTNS | C43: #VALUE! | D43: {=_FV(C43,"Industry")} -> Aerospace & Defense | E43: Industrial | F43: SC (Small Cap) | G43: Medium Trend
A44: 46143 | B44: CUB | C44: #VALUE! | D44: {=_FV(C44,"Industry")} -> Banking Services | E44: Financials | F44: SC (Small Cap) | G44: Medium Trend
... A158: 46143 | B158: KFINTECH | C158: #VALUE! | D158: {=_FV(C158,"Industry")} -> Financial Technology (Fintech) & Infrastructure | E158: Technology | F158: SC (Small Cap) | G158: Core-Weekly

Sheet Satellite_Watchlist
A1: Date | B1: Stock | C1: Color | D1: Company Name | E1: Price | F1: Previous Close | G1: Previous week Close | H1: EMA 9 (weekly) | I1: EMA 11 (weekly) | J1: EMA 21 (weekly)
A2: 46158 | B2: BALAMINES | C2: Blue | D2: #VALUE! | E2: {=_FV(D2,"Price")} -> 2122.2 | F2: {=_FV(D2,"Previous close",TRUE)} -> 2016.1 | G2: 1775.6 | H2: 1597.83 | I2: 1541.17 | J2: 1398.52 | L2: Color | M2: Price | N2: Prev Day Close | O2: Diff vs Prev Day (%) | P2: Prev Week Close | Q2: Diff vs Prev Week (%)
A3: 46158 | B3: IDEAFORGE | C3: Blue | D3: #VALUE! | E3: {=_FV(D3,"Price")} -> 857.15 | F3: {=_FV(D3,"Previous close",TRUE)} -> 828.9 | G3: 845 | H3: 707.85 | I3: 679.19 | J3: 595.27 | L3: Blue | M3: ₹ 169.14 | N3: ₹ 161.80 | O3: 0.0454 | P3: ₹ 148.21 | Q3: 0.1412
A4: 46158 | B4: OIL | C4: Blue | D4: #VALUE! | E4: {=_FV(D4,"Price")} -> 490.95 | F4: {=_FV(D4,"Previous close",TRUE)} -> 484.1 | G4: 476.15 | H4: 483.08 | I4: 481.34 | J4: 470.71 | L4: Blue | M4: ₹ 716.90 | N4: ₹ 690.45 | O4: 0.0383 | P4: ₹ 706.95 | Q4: 0.0141
A5: 46158 | B5: GRINDWELL | C5: Blue | D5: #VALUE! | E5: {=_FV(D5,"Price")} -> 1867 | F5: {=_FV(D5,"Previous close",TRUE)} -> 1859 | G5: 1839.8 | H5: 1747.71 | I5: 1723.56 | J5: 1661.98 | L5: Blue | M5: ₹ 1,088.60 | N5: ₹ 1,079.05 | O5: 0.0089 | P5: ₹ 1,038.95 | Q5: 0.0478
A6: 46158 | B6: ONGC | C6: Blue | D6: #VALUE! | E6: {=_FV(D6,"Price")} -> 267.75 | F6: {=_FV(D6,"Previous close",TRUE)} -> 265.05 | G6: 265.4 | H6: 278.65 | I6: 278.28 | J6: 272.2 | L6: Blue | M6: ₹ 735.35 | N6: ₹ 725.55 | O6: 0.0135 | P6: ₹ 595.50 | Q6: 0.2348
A7: 46158 | B7: CARBORUNIV | C7: Blue | D7: #VALUE! | E7: {=_FV(D7,"Price")} -> 1011.7 | F7: {=_FV(D7,"Previous close",TRUE)} -> 1023.1 | G7: 1029.05 | H7: 989.91 | I7: 974.91 | J7: 930.72 | L7: Blue | M7: ₹ 710.05 | N7: ₹ 691.25 | O7: 0.0272 | P7: ₹ 622.50 | Q7: 0.1406
A8: 46158 | B8: APOLLOPIPE | C8: Blue | D8: #VALUE! | E8: {=_FV(D8,"Price")} -> 486.45 | F8: {=_FV(D8,"Previous close",TRUE)} -> 478.85 | G8: 508.85 | H8: 475.54 | I8: 466.15 | J8: 429.08 | L8: Blue | M8: ₹ 735.50 | N8: ₹ 730.50 | O8: 0.0068 | P8: ₹ 714.45 | Q8: 0.0295
A9: 46158 | B9: HINDCOPPER | C9: Blue | D9: #VALUE! | E9: {=_FV(D9,"Price")} -> 545.4 | F9: {=_FV(D9,"Previous close",TRUE)} -> 546.2 | G9: 538.7 | H9: 544.89 | I9: 542.84 | J9: 522.07 | L9: Blue | M9: ₹ 809.40 | N9: ₹ 780.95 | O9: 0.0364 | P9: ₹ 774.10 | Q9: 0.0456
A10: 46158 | B10: APOLLO | C10: Blue | D10: #VALUE! | E10: {=_FV(D10,"Price")} -> 407.55 | F10: {=_FV(D10,"Previous close",TRUE)} -> 437 | G10: 409 | H10: 337.88 | I10: 325.54 | J10: 292.6 | L10: Blue | M10: ₹ 497.20 | N10: ₹ 491.00 | O10: 0.0126 | P10: ₹ 476.20 | Q10: 0.0441
A11: 46158 | B11: HFCL | C11: Blue | D11: #VALUE! | E11: {=_FV(D11,"Price")} -> 199.41 | F11: {=_FV(D11,"Previous close",TRUE)} -> 189.94 | G11: 179.94 | H11: 141.59 | I11: 134.09 | J11: 111.74 | L11: Blue | M11: ₹ 603.45 | N11: ₹ 576.00 | O11: 0.0477 | P11: ₹ 551.25 | Q11: 0.0947
A12: 46158 | B12: DEEPAKNTR | C12: Blue | D12: #VALUE! | E12: {=_FV(D12,"Price")} -> 1698.9 | F12: {=_FV(D12,"Previous close",TRUE)} -> 1686.5 | G12: 1682 | H12: 1683.33 | I12: 1670.99 | J12: 1648.2 | L12: Blue | M12: ₹ 2,046.00 | N12: ₹ 2,035.80 | O12: 0.005 | P12: ₹ 2,028.00 | Q12: 0.0089
A13: 46158 | B13: AUROPHARMA | C13: Blue | D13: #VALUE! | E13: {=_FV(D13,"Price")} -> 1440.4 | F13: {=_FV(D13,"Previous close",TRUE)} -> 1429.2 | G13: 1426.4 | H13: 1416.27 | I13: 1402.75 | J13: 1343.73 | L13: Blue | M13: ₹ 4,545.50 | N13: ₹ 4,435.80 | O13: 0.0247 | P13: ₹ 4,454.60 | Q13: 0.0204
A14: 46158 | B14: ANTELOPUS | C14: Blue | D14: #VALUE! | E14: {=_FV(D14,"Price")} -> 871.8 | F14: {=_FV(D14,"Previous close",TRUE)} -> 854.2 | G14: 774.85 | H14: 712.21 | I14: 693.88 | J14: 635.62 | L14: Blue | M14: ₹ 270.85 | N14: ₹ 267.55 | O14: 0.0123 | P14: ₹ 264.50 | Q14: 0.024
... A26: 46158 | B26: NLCINDIA | C26: Blue | D26: #VALUE! | E26: {=_FV(D26,"Price")} -> 346 | F26: {=_FV(D26,"Previous close",TRUE)} -> 349.1 | G26: 347.55 | H26: 326.09 | I26: 320 | J26: 298.8 | L26: Green | M26: ₹ 92.37 | N26: ₹ 90.67 | O26: 0.0187 | P26: ₹ 87.85 | Q26: 0.0515
A27: 46158 | B27: TIPSMUSIC | C27: Blue | D27: #VALUE! | E27: {=_FV(D27,"Price")} -> 659.85 | F27: {=_FV(D27,"Previous close",TRUE)} -> 672.3 | G27: 662.45 | H27: 637.19 | I27: 627.74 | J27: 598.25
A28: 46158 | B28: MOLDTKPAC | C28: Blue | D28: #VALUE! | E28: {=_FV(D28,"Price")} -> 706.45 | F28: {=_FV(D28,"Previous close",TRUE)} -> 707.05 | G28: 702.6 | H28: 642.27 | I28: 631.74 | J28: 612.01
A29: 46158 | B29: MARKSANS | C29: Blue | D29: #VALUE! | E29: {=_FV(D29,"Price")} -> 242.37 | F29: {=_FV(D29,"Previous close",TRUE)} -> 241.19 | G29: 246.19 | H29: 210.63 | I29: 206.24 | J29: 195.43
A30: 46158 | B30: SOLARA | C30: Blue | D30: #VALUE! | E30: {=_FV(D30,"Price")} -> 538.85 | F30: {=_FV(D30,"Previous close",TRUE)} -> 543.05 | G30: 532.7 | H30: 524.44 | I30: 520.57 | J30: 517.54
A31: 46158 | B31: ARTEMISMED | C31: Blue | D31: #VALUE! | E31: {=_FV(D31,"Price")} -> 268.35 | F31: {=_FV(D31,"Previous close",TRUE)} -> 270.9 | G31: 273.36 | H31: 259.5 | I31: 256.95 | J31: 251.43
A32: 46158 | B32: SATIN | C32: Blue | D32: #VALUE! | E32: {=_FV(D32,"Price")} -> 235.25 | F32: {=_FV(D32,"Previous close",TRUE)} -> 231.12 | G32: 217.82 | H32: 201.15 | I32: 195.96 | J32: 180.01
A33: 46158 | B33: PRICOLLTD | C33: Blue | D33: #VALUE! | E33: {=_FV(D33,"Price")} -> 571.15 | F33: {=_FV(D33,"Previous close",TRUE)} -> 565.85 | G33: 562.1 | H33: 575.68 | I33: 576.09 | J33: 574.93
A34: 46158 | B34: ZENTEC | C34: Blue | D34: #VALUE! | E34: {=_FV(D34,"Price")} -> 1688.1 | F34: {=_FV(D34,"Previous close",TRUE)} -> 1672.4 | G34: 1664.7 | H34: 1597.63 | I34: 1580.49 | J34: 1524.98
A35: 46158 | B35: TDPOWERSYS | C35: Orange | D35: #VALUE! | E35: {=_FV(D35,"Price")} -> 1286.3 | F35: {=_FV(D35,"Previous close",TRUE)} -> 1235 | G35: 1318.6 | H35: 1176.11 | I35: 1143.8 | J35: 1018.52
A36: 46158 | B36: MTARTECH | C36: Orange | D36: #VALUE! | E36: {=_FV(D36,"Price")} -> 7468 | F36: {=_FV(D36,"Previous close",TRUE)} -> 7216 | G36: 7879.5 | H36: 6506.47 | I36: 6210.04 | J36: 5134.94
A37: 46158 | B37: MCX | C37: Orange | D37: #VALUE! | E37: {=_FV(D37,"Price")} -> 2833.6 | F37: {=_FV(D37,"Previous close",TRUE)} -> 2878.7 | G37: 2954.5 | H37: 2940.36 | I37: 2897.27 | J37: 2690.47
A38: 46158 | B38: BBOX | C38: Orange | D38: #VALUE! | E38: {=_FV(D38,"Price")} -> 1056.3 | F38: {=_FV(D38,"Previous close",TRUE)} -> 1031.8 | G38: 1037.15 | H38: 823.68 | I38: 787.59 | J38: 685.09
... A272: 46172 | B272: DEEPAKNTR | C272: RED | D272: #VALUE! | E272: {=_FV(D272,"Price")} -> 1698.9 | F272: {=_FV(D272,"Previous close",TRUE)} -> 1686.5 | G272: 1682 | H272: 1683.33 | I272: 1670.99 | J272: 1648.2

Sheet Overall_Portfolio
A1: Symbol | B1: Cap | C1: TF_Sector | D1: TF_Classification | E1: Latest_Tranche | F1: Total_Buy_Quantity | G1: Total_Buy_Value | H1: Average_Buy_Price | I1: Total_Sell_Quantity | J1: Total_Sell_Value | K1: Average_Sell_Price | L1: Current_Quantity | M1: Invested_Value | N1: LTP | O1: Current_Value | P1: Realized_PnL | Q1: Unrealized_PnL | R1: Total_PnL | S1: Total_PnL_Percentage | T1: Holding_Period | U1: Split_Info | V1: Adj_Required | W1: Trend | AH1: HBLENGINE | AI1: HINDALCO | AJ1: HINDPETRO | AK1: IOC | AL1: JBMA | AM1: JKTYRE | AN1: KIRLOSENG | AO1: LAURUSLABS | AP1: M&M | AQ1: MAHABANK | AR1: MAZDOCK | AS1: METROPOLIS | AT1: MRPL | AU1: NETWEB | AV1: NIFTYBEES | AW1: NMDC | AX1: NRBBEARING | AY1: PIDILITIND | AZ1: PNB | BA1: POCL | BB1: POLYCAB | BC1: POONAWALLA | BD1: PRECWIRE | BE1: RAJRATAN | BF1: SBIN | BG1: SEAMECLTD | BH1: SFL | BI1: SKIPPER | BJ1: SOLARINDS | BK1: SOUTHBANK | BL1: SPLPETRO | BM1: SUNPHARMA | BN1: SUPREMEIND | BO1: TARIL | BP1: TATATECH | BQ1: TDPOWERSYS | BR1: THERMAX | BS1: TITAN | BT1: TRITURBINE | BU1: TVSSRICHAK | BV1: UNOMINDA | BW1: VOLTAMP | BX1: ZYDUSLIFE
A2: ACUTAAS | B2: Small Cap | C2: Health / Pharma / Chem | D2: Core | E2: Cheat 2 | F2: 28 | G2: 78477 | H2: 2802.75 | I2: 0 | J2: 0 | K2: 0 | L2: 28 | M2: 78477 | N2: =IFERROR(INDEX(Price_Update!$F:$F, MATCH(A2, Price_Update!$A:$A, 0)), 3135.7) -> 3135.7 | O2: =L2*N2 -> 87799.6 | P2: 0 | Q2: =O2-M2 -> 9322.6 | R2: =P2+Q2 -> 9322.6 | S2: =IF(G2>0, R2/G2, 0) -> 0.11879404 | T2: 20 | V2: No | W2: ▲
A3: ADANIENT | B3: Large Cap | C3: Industrial | D3: Satellite | E3: Tranch 1 | F3: 36 | G3: 102039.4 | H3: 2834.43 | I3: 0 | J3: 0 | K3: 0 | L3: 36 | M3: 102039.48 | N3: =IFERROR(INDEX(Price_Update!$F:$F, MATCH(A3, Price_Update!$A:$A, 0)), 2925.6) -> 2925.6 | O3: =L3*N3 -> 105321.6 | P3: 0 | Q3: =O3-M3 -> 3282.12 | R3: =P3+Q3 -> 3282.12 | S3: =IF(G3>0, R3/G3, 0) -> 0.032165223 | T3: 20 | V3: No | W3: ▼
A4: AIAENG | B4: Mid Cap | C4: Industrial | D4: Core | E4: Cheat 1 | F4: 6 | G4: 27324.601 | H4: 4554.1 | I4: 0 | J4: 0 | K4: 0 | L4: 6 | M4: 27324.6 | N4: =IFERROR(INDEX(Price_Update!$F:$F, MATCH(A4, Price_Update!$A:$A, 0)), 4521.3) -> 4521.3 | O4: =L4*N4 -> 27127.8 | P4: 0 | Q4: =O4-M4 -> -196.8 | R4: =P4+Q4 -> -196.8 | S4: =IF(G4>0, R4/G4, 0) -> -0.0072023011 | T4: 2 | V4: No | W4: ▼
A5: AJANTPHARM | B5: Mid Cap | C5: Health / Pharma / Chem | D5: Satellite | E5: Cheat 2 | F5: 14 | G5: 43885.2 | H5: 3134.66 | I5: 0 | J5: 0 | K5: 0 | L5: 14 | M5: 43885.24 | N5: =IFERROR(INDEX(Price_Update!$F:$F, MATCH(A5, Price_Update!$A:$A, 0)), 2929.2) -> 2929.2 | O5: =L5*N5 -> 41008.8 | P5: 0 | Q5: =O5-M5 -> -2876.44 | R5: =P5+Q5 -> -2876.44 | S5: =IF(G5>0, R5/G5, 0) -> -0.065544648 | T5: 150 | V5: No | W5: ▲
A6: APARINDS | B6: Mid Cap | C6: Industrial | D6: Core | E6: Cheat 1 | F6: 4 | G6: 51316 | H6: 12829 | I6: 0 | J6: 0 | K6: 0 | L6: 4 | M6: 51316 | N6: =IFERROR(INDEX(Price_Update!$F:$F, MATCH(A6, Price_Update!$A:$A, 0)), 13538) -> 13538 | O6: =L6*N6 -> 54152 | P6: 0 | Q6: =O6-M6 -> 2836 | R6: =P6+Q6 -> 2836 | S6: =IF(G6>0, R6/G6, 0) -> 0.055265414 | T6: 2 | V6: No | W6: ▲
A7: APLAPOLLO | B7: Mid Cap | C7: Industrial | D7: Core | E7: Tranch 2 | F7: 96 | G7: 201677.1 | H7: 2100.8 | I7: 0 | J7: 0 | K7: 0 | L7: 96 | M7: 201676.8 | N7: =IFERROR(INDEX(Price_Update!$F:$F, MATCH(A7, Price_Update!$A:$A, 0)), 1805.4) -> 1805.4 | O7: =L7*N7 -> 173318.4 | P7: 0 | Q7: =O7-M7 -> -28358.4 | R7: =P7+Q7 -> -28358.4 | S7: =IF(G7>0, R7/G7, 0) -> -0.14061289 | T7: 115 | V7: No | W7: ▲
A8: APOLLO | B8: Small Cap | C8: Industrial | D8: Satellite | E8: Tranch 2 | F8: 556 | G8: 200389.45 | H8: 360.41 | I8: 0 | J8: 0 | K8: 0 | L8: 556 | M8: 200387.96 | N8: =IFERROR(INDEX(Price_Update!$F:$F, MATCH(A8, Price_Update!$A:$A, 0)), 407.55) -> 407.55 | O8: =L8*N8 -> 226597.8 | P8: 0 | Q8: =O8-M8 -> 26209.84 | R8: =P8+Q8 -> 26209.84 | S8: =IF(G8>0, R8/G8, 0) -> 0.13079451 | T8: 31 | V8: No | W8: ▼
A9: ASTRAMICRO | B9: Small Cap | C9: Industrial | D9: Satellite | E9: Tranch 1 | F9: 80 | G9: 100756.4 | H9: 1259.46 | I9: 0 | J9: 0 | K9: 0 | L9: 80 | M9: 100756.8 | N9: =IFERROR(INDEX(Price_Update!$F:$F, MATCH(A9, Price_Update!$A:$A, 0)), 1323.7) -> 1323.7 | O9: =L9*N9 -> 105896 | P9: 0 | Q9: =O9-M9 -> 5139.2 | R9: =P9+Q9 -> 5139.2 | S9: =IF(G9>0, R9/G9, 0) -> 0.051006189 | T9: 38 | V9: No | W9: ▼
A10: AUROPHARMA | B10: Mid Cap | C10: Health / Pharma / Chem | D10: Satellite | E10: Cheat 1 | F10: 33 | G10: 49684.8 | H10: 1505.6 | I10: 0 | J10: 0 | K10: 0 | L10: 33 | M10: 49684.8 | N10: =IFERROR(INDEX(Price_Update!$F:$F, MATCH(A10, Price_Update!$A:$A, 0)), 1440.4) -> 1440.4 | O10: =L10*N10 -> 47533.2 | P10: 0 | Q10: =O10-M10 -> -2151.6 | R10: =P10+Q10 -> -2151.6 | S10: =IF(G10>0, R10/G10, 0) -> -0.043304995 | T10: 17 | V10: No | W10: ▲
A11: AVANTEL | B11: Small Cap | C11: Tech / Platform / IT | D11: Satellite | F11: 671 | G11: 129693.78 | H11: 193.28 | I11: 671 | J11: 120337.14 | K11: 179.34 | L11: 0 | M11: 0 | N11: =IFERROR(INDEX(Price_Update!$F:$F, MATCH(A11, Price_Update!$A:$A, 0)), 175.7) -> 175.7 | O11: =L11*N11 -> 0 | P11: -9353.74 | Q11: =O11-M11 -> 0 | R11: =P11+Q11 -> -9353.74 | S11: =IF(G11>0, R11/G11, 0) -> -0.072121732 | T11: 41 | V11: No | W11: ▼
A12: BAJAJ-AUTO | B12: Large Cap | C12: Consumption | D12: Core | E12: Cheat 1 | F12: 3 | G12: 31032 | H12: 10344 | I12: 0 | J12: 0 | K12: 0 | L12: 3 | M12: 31032 | N12: =IFERROR(INDEX(Price_Update!$F:$F, MATCH(A12, Price_Update!$A:$A, 0)), 10259) -> 10259 | O12: =L12*N12 -> 30777 | P12: 0 | Q12: =O12-M12 -> -255 | R12: =P12+Q12 -> -255 | S12: =IF(G12>0, R12/G12, 0) -> -0.0082173241 | T12: 2 | V12: No | W12: ▼
A13: BAJFINANCE | B13: Large Cap | C13: Finance | D13: Core | F13: 94 | G13: 100072.4 | H13: 1064.6 | I13: 94 | J13: 84426.1 | K13: 898.15 | L13: 0 | M13: 0 | N13: =IFERROR(INDEX(Price_Update!$F:$F, MATCH(A13, Price_Update!$A:$A, 0)), 876.8) -> 876.8 | O13: =L13*N13 -> 0 | P13: -15646.3 | Q13: =O13-M13 -> 0 | R13: =P13+Q13 -> -15646.3 | S13: =IF(G13>0, R13/G13, 0) -> -0.1563498 | T13: 109 | V13: No | W13: ▼
A14: BALAMINES | B14: Small Cap | C14: Health / Pharma / Chem | D14: Satellite | E14: Tranch 1 | F14: 56 | G14: 98687.7 | H14: 1762.28 | I14: 0 | J14: 0 | K14: 0 | L14: 56 | M14: 98687.68 | N14: =IFERROR(INDEX(Price_Update!$F:$F, MATCH(A14, Price_Update!$A:$A, 0)), 2122.2) -> 2122.2 | O14: =L14*N14 -> 118843.2 | P14: 0 | Q14: =O14-M14 -> 20155.52 | R14: =P14+Q14 -> 20155.52 | S14: =IF(G14>0, R14/G14, 0) -> 0.20423538 | T14: 17 | V14: No | W14: ▲
A15: BANKBARODA | B15: Large Cap | C15: Finance | D15: Satellite | F15: 260 | G15: 75946 | H15: 292.1 | I15: 260 | J15: 70604.55 | K15: 271.56 | L15: 0 | M15: 0 | N15: =IFERROR(INDEX(Price_Update!$F:$F, MATCH(A15, Price_Update!$A:$A, 0)), 268.85) -> 268.85 | O15: =L15*N15 -> 0 | P15: -5341.45 | Q15: =O15-M15 -> 0 | R15: =P15+Q15 -> -5341.45 | S15: =IF(G15>0, R15/G15, 0) -> -0.07033221 | T15: 91 | V15: No | W15: ▲
A16: BANKINDIA | B16: Mid Cap | C16: Finance | D16: Satellite | F16: 465 | G16: 75179.43 | H16: 161.68 | I16: 465 | J16: 71056.85 | K16: 152.81 | L16: 0 | M16: 0 | N16: =IFERROR(INDEX(Price_Update!$F:$F, MATCH(A16, Price_Update!$A:$A, 0)), 139.92) -> 139.92 | O16: =L16*N16 -> 0 | P16: -4124.35 | Q16: =O16-M16 -> 0 | R16: =P16+Q16 -> -4124.35 | S16: =IF(G16>0, R16/G16, 0) -> -0.054860086 | T16: 61 | V16: No | W16: ▲
A17: BEL | B17: Large Cap | C17: Industrial | D17: Satellite | F17: 222 | G17: 100778.25 | H17: 453.96 | I17: 222 | J17: 94405.5 | K17: 425.25 | L17: 0 | M17: 0 | N17: =IFERROR(INDEX(Price_Update!$F:$F, MATCH(A17, Price_Update!$A:$A, 0)), 406.6) -> 406.6 | O17: =L17*N17 -> 0 | P17: -6373.62 | Q17: =O17-M17 -> 0 | R17: =P17+Q17 -> -6373.62 | S17: =IF(G17>0, R17/G17, 0) -> -0.063244004 | T17: 105 | V17: No | W17: ▼
A18: BHARATFORG | B18: Mid Cap | C18: Industrial | D18: Satellite | F18: 36 | G18: 50176.8 | H18: 1393.8 | I18: 36 | J18: 50997.6 | K18: 1416.6 | L18: 0 | M18: 0 | N18: =IFERROR(INDEX(Price_Update!$F:$F, MATCH(A18, Price_Update!$A:$A, 0)), 1936.5) -> 1936.5 | O18: =L18*N18 -> 0 | P18: 820.8 | Q18: =O18-M18 -> 0 | R18: =P18+Q18 -> 820.8 | S18: =IF(G18>0, R18/G18, 0) -> 0.016358158 | T18: 77 | V18: No | W18: ▲
A19: BPCL | B19: Large Cap | C19: Industrial | D19: Satellite | F19: 82 | G19: 30151.4 | H19: 367.7 | I19: 82 | J19: 24735.3 | K19: 301.65 | L19: 0 | M19: 0 | N19: =IFERROR(INDEX(Price_Update!$F:$F, MATCH(A19, Price_Update!$A:$A, 0)), 292.1) -> 292.1 | O19: =L19*N19 -> 0 | P19: -5416.1 | Q19: =O19-M19 -> 0 | R19: =P19+Q19 -> -5416.1 | S19: =IF(G19>0, R19/G19, 0) -> -0.17963013 | T19: 182 | V19: No | W19: ▼
A20: BSE | B20: Large Cap | C20: Finance | D20: Core | E20: Tranch 1 | F20: 30 | G20: 100770 | H20: 3359 | I20: 0 | J20: 0 | K20: 0 | L20: 30 | M20: 100770 | N20: =IFERROR(INDEX(Price_Update!$F:$F, MATCH(A20, Price_Update!$A:$A, 0)), 3966.1) -> 3966.1 | O20: =L20*N20 -> 118983 | P20: 0 | Q20: =O20-M20 -> 18213 | R20: =P20+Q20 -> 18213 | S20: =IF(G20>0, R20/G20, 0) -> 0.18073831 | T20: 178 | V20: No | W20: ▲
A21: BSOFT | B21: Small Cap | C21: Tech / Platform / IT | D21: Satellite | F21: 228 | G21: 99912.15 | H21: 438.21 | I21: 228 | J21: 90155.4 | K21: 395.42 | L21: 0 | M21: 0 | N21: =IFERROR(INDEX(Price_Update!$F:$F, MATCH(A21, Price_Update!$A:$A, 0)), 327.65) -> 327.65 | O21: =L21*N21 -> 0 | P21: -9756.48 | Q21: =O21-M21 -> 0 | R21: =P21+Q21 -> -9756.48 | S21: =IF(G21>0, R21/G21, 0) -> -0.097650586 | T21: 50 | V21: No | W21: ▼
A22: CANBK | B22: Large Cap | C22: Finance | D22: Satellite | F22: 2062 | G22: 269285.9 | H22: 130.59 | I22: 2078 | J22: 267524.4 | K22: 128.74 | L22: -16 | M22: -2089.44 | N22: =IFERROR(INDEX(Price_Update!$F:$F, MATCH(A22, Price_Update!$A:$A, 0)), 131.85) -> 131.85 | O22: =L22*N22 -> -2109.6 | P22: -3841.62 | Q22: =O22-M22 -> -20.16 | R22: =P22+Q22 -> -3861.78 | S22: =IF(G22>0, R22/G22, 0) -> -0.014340818 | T22: 150 | V22: No | W22: ▲
A23: CAPLIPOINT | B23: Small Cap | C23: Health / Pharma / Chem | D23: Core | E23: Cheat 1 | F23: 15 | G23: 29586 | H23: 1972.4 | I23: 0 | J23: 0 | K23: 0 | L23: 15 | M23: 29586 | N23: =IFERROR(INDEX(Price_Update!$F:$F, MATCH(A23, Price_Update!$A:$A, 0)), 1972.9) -> 1972.9 | O23: =L23*N23 -> 29593.5 | P23: 0 | Q23: =O23-M23 -> 7.5 | R23: =P23+Q23 -> 7.5 | S23: =IF(G23>0, R23/G23, 0) -> 0.00025349828 | T23: 2 | V23: No | W23: ▼
A24: CARYSIL | B24: Small Cap | C24: Consumption | D24: Core | E24: Cheat 1 | F24: 27 | G24: 29735.1 | H24: 1101.3 | I24: 0 | J24: 0 | K24: 0 | L24: 27 | M24: 29735.1 | N24: =IFERROR(INDEX(Price_Update!$F:$F, MATCH(A24, Price_Update!$A:$A, 0)), 1138) -> 1138 | O24: =L24*N24 -> 30726 | P24: 0 | Q24: =O24-M24 -> 990.9 | R24: =P24+Q24 -> 990.9 | S24: =IF(G24>0, R24/G24, 0) -> 0.033324253 | T24: 2 | V24: No | W24: ▲
A25: CCL | B25: Small Cap | C25: Consumption | D25: Core | E25: Cheat 1 | F25: 49 | G25: 50624.6 | H25: 1033.16 | I25: 0 | J25: 0 | K25: 0 | L25: 49 | M25: 50624.84 | N25: =IFERROR(INDEX(Price_Update!$F:$F, MATCH(A25, Price_Update!$A:$A, 0)), 1078.2) -> 1078.2 | O25: =L25*N25 -> 52831.8 | P25: 0 | Q25: =O25-M25 -> 2206.96 | R25: =P25+Q25 -> 2206.96 | S25: =IF(G25>0, R25/G25, 0) -> 0.043594616 | T25: 87 | V25: No | W25: ▲
A26: CGPOWER | B26: Large Cap | C26: Industrial | D26: Satellite | E26: Tranch 2 | F26: 263 | G26: 227322.35 | H26: 864.34 | I26: 33 | J26: 25000.8 | K26: 757.6 | L26: 230 | M26: 198798.2 | N26: =IFERROR(INDEX(Price_Update!$F:$F, MATCH(A26, Price_Update!$A:$A, 0)), 906.65) -> 906.65 | O26: =L26*N26 -> 208529.5 | P26: -3522.42 | Q26: =O26-M26 -> 9731.3 | R26: =P26+Q26 -> 6208.88 | S26: =IF(G26>0, R26/G26, 0) -> 0.027313108 | T26: 112 | V26: No | W26: ▼
A27: CHENNPETRO | B27: Small Cap | C27: Industrial | D27: Satellite | F27: 42 | G27: 40147.05 | H27: 955.88 | I27: 52 | J27: 42377.3 | K27: 814.95 | L27: -10 | M27: -9558.8 | N27: =IFERROR(INDEX(Price_Update!$F:$F, MATCH(A27, Price_Update!$A:$A, 0)), 1189.8) -> 1189.8 | O27: =L27*N27 -> -11898 | P27: -7328.46 | Q27: =O27-M27 -> -2339.2 | R27: =P27+Q27 -> -9667.66 | S27: =IF(G27>0, R27/G27, 0) -> -0.24080624 | T27: 213 | V27: No | W27: ▲
A28: CIPLA | B28: Large Cap | C28: Health / Pharma / Chem | D28: Core | F28: 64 | G28: 99129.6 | H28: 1548.9 | I28: 64 | J28: 83161.6 | K28: 1299.4 | L28: 0 | M28: 0 | N28: =IFERROR(INDEX(Price_Update!$F:$F, MATCH(A28, Price_Update!$A:$A, 0)), 1375.2) -> 1375.2 | O28: =L28*N28 -> 0 | P28: -15968 | Q28: =O28-M28 -> 0 | R28: =P28+Q28 -> -15968 | S28: =IF(G28>0, R28/G28, 0) -> -0.16108206 | T28: 147 | V28: No | W28: ▼
A29: CRAFTSMAN | B29: Small Cap | C29: Industrial | D29: Core | E29: Cheat 1 | F29: 6 | G29: 53748 | H29: 8958 | I29: 0 | J29: 0 | K29: 0 | L29: 6 | M29: 53748 | N29: =IFERROR(INDEX(Price_Update!$F:$F, MATCH(A29, Price_Update!$A:$A, 0)), 8898.5) -> 8898.5 | O29: =L29*N29 -> 53391 | P29: 0 | Q29: =O29-M29 -> -357 | R29: =P29+Q29 -> -357 | S29: =IF(G29>0, R29/G29, 0) -> -0.0066421076 | T29: 2 | V29: No | W29: ▼
A30: CUPID | B30: Small Cap | C30: Consumption | D30: Satellite | E30: Tranch 2 | F30: 2490 | G30: 243383.46 | H30: 97.74 | I30: 665 | J30: 48531.7 | K30: 72.98 | L30: 1825 | M30: 178375.5 | N30: =IFERROR(INDEX(Price_Update!$F:$F, MATCH(A30, Price_Update!$A:$A, 0)), 129.8) -> 129.8 | O30: =L30*N30 -> 236885 | P30: -16465.4 | Q30: =O30-M30 -> 58509.5 | R30: =P30+Q30 -> 42044.1 | S30: =IF(G30>0, R30/G30, 0) -> 0.17274839 | T30: 149 | U30: 5:1 Split on 2026-03-09 | V30: No | W30: ▲
A31: DMART | B31: Large Cap | C31: Consumption | D31: Core | F31: 19 | G31: 89756.601 | H31: 4724.03 | I31: 19 | J31: 77079.2 | K31: 4056.8 | L31: 0 | M31: 0 | N31: =IFERROR(INDEX(Price_Update!$F:$F, MATCH(A31, Price_Update!$A:$A, 0)), 4168.4) -> 4168.4 | O31: =L31*N31 -> 0 | P31: -12677.37 | Q31: =O31-M31 -> 0 | R31: =P31+Q31 -> -12677.37 | S31: =IF(G31>0, R31/G31, 0) -> -0.14124165 | T31: 64 | V31: No | W31: ▲
A32: ETERNAL | B32: Large Cap | C32: Tech / Platform / IT | D32: Satellite | F32: 75 | G32: 25440 | H32: 339.2 | I32: 75 | J32: 22856.25 | K32: 304.75 | L32: 0 | M32: 0 | N32: =IFERROR(INDEX(Price_Update!$F:$F, MATCH(A32, Price_Update!$A:$A, 0)), 247) -> 247 | O32: =L32*N32 -> 0 | P32: -2583.75 | Q32: =O32-M32 -> 0 | R32: =P32+Q32 -> -2583.75 | S32: =IF(G32>0, R32/G32, 0) -> -0.1015625 | T32: 20 | V32: No | W32: ▼
A33: EXIDEIND | B33: Small Cap | C33: Industrial | D33: Satellite | E33: Cheat 1 | F33: 129 | G33: 50264.85 | H33: 389.65 | I33: 0 | J33: 0 | K33: 0 | L33: 129 | M33: 50264.85 | N33: =IFERROR(INDEX(Price_Update!$F:$F, MATCH(A33, Price_Update!$A:$A, 0)), 398.95) -> 398.95 | O33: =L33*N33 -> 51464.55 | P33: 0 | Q33: =O33-M33 -> 1199.7 | R33: =P33+Q33 -> 1199.7 | S33: =IF(G33>0, R33/G33, 0) -> 0.023867573 | T33: 3 | V33: No | W33: ▼
A34: FCL | B34: Small Cap | C34: Health / Pharma / Chem | D34: Core | E34: Cheat 1 | F34: 685 | G34: 29016.6 | H34: 42.36 | I34: 0 | J34: 0 | K34: 0 | L34: 685 | M34: 29016.6 | N34: =IFERROR(INDEX(Price_Update!$F:$F, MATCH(A34, Price_Update!$A:$A, 0)), 43.54) -> 43.54 | O34: =L34*N34 -> 29824.9 | P34: 0 | Q34: =O34-M34 -> 808.3 | R34: =P34+Q34 -> 808.3 | S34: =IF(G34>0, R34/G34, 0) -> 0.027856468 | T34: 2 | V34: No | W34: ▲
A35: FEDERALBNK | B35: Mid Cap | C35: Finance | D35: Core | E35: Tranch 3 | F35: 1172 | G35: 300285.28 | H35: 256.22 | I35: 0 | J35: 0 | K35: 0 | L35: 1172 | M35: 300289.84 | N35: =IFERROR(INDEX(Price_Update!$F:$F, MATCH(A35, Price_Update!$A:$A, 0)), 301.05) -> 301.05 | O35: =L35*N35 -> 352830.6 | P35: 0 | Q35: =O35-M35 -> 52540.76 | R35: =P35+Q35 -> 52540.76 | S35: =IF(G35>0, R35/G35, 0) -> 0.17496948 | T35: 213 | V35: No | W35: ▲
A36: GAEL | B36: Small Cap | C36: Consumption | D36: Satellite | E36: Cheat 2 | F36: 362 | G36: 50229.29 | H36: 138.75 | I36: 0 | J36: 0 | K36: 0 | L36: 362 | M36: 50227.5 | N36: =IFERROR(INDEX(Price_Update!$F:$F, MATCH(A36, Price_Update!$A:$A, 0)), 153) -> 153 | O36: =L36*N36 -> 55386 | P36: 0 | Q36: =O36-M36 -> 5158.5 | R36: =P36+Q36 -> 5158.5 | S36: =IF(G36>0, R36/G36, 0) -> 0.10269904 | T36: 153 | V36: No | W36: ▼
A37: GMDCLTD | B37: Small Cap | C37: Industrial | D37: Satellite | F37: 339 | G37: 199971.65 | H37: 589.89 | I37: 339 | J37: 201780.55 | K37: 595.22 | L37: 0 | M37: 0 | N37: =IFERROR(INDEX(Price_Update!$F:$F, MATCH(A37, Price_Update!$A:$A, 0)), 666.85) -> 666.85 | O37: =L37*N37 -> 0 | P37: 1807.84 | Q37: =O37-M37 -> 0 | R37: =P37+Q37 -> 1807.84 | S37: =IF(G37>0, R37/G37, 0) -> 0.0090404815 | T37: 135 | V37: No | W37: ▼
A38: GMRAIRPORT | B38: Mid Cap | C38: Industrial | D38: Satellite | F38: 920 | G38: 99801.6 | H38: 108.48 | I38: 920 | J38: 82570 | K38: 89.75 | L38: 0 | M38: 0 | N38: =IFERROR(INDEX(Price_Update!$F:$F, MATCH(A38, Price_Update!$A:$A, 0)), 98.78) -> 98.78 | O38: =L38*N38 -> 0 | P38: -17231.6 | Q38: =O38-M38 -> 0 | R38: =P38+Q38 -> -17231.6 | S38: =IF(G38>0, R38/G38, 0) -> -0.17265855 | T38: 60 | V38: No | W38: ▲
A39: GPIL | B39: Small Cap | C39: Industrial | D39: Satellite | E39: Cheat 2 | F39: 276 | G39: 76932.53 | H39: 278.74 | I39: 0 | J39: 0 | K39: 0 | L39: 276 | M39: 76932.24 | N39: =IFERROR(INDEX(Price_Update!$F:$F, MATCH(A39, Price_Update!$A:$A, 0)), 286.25) -> 286.25 | O39: =L39*N39 -> 79005 | P39: 0 | Q39: =O39-M39 -> 2072.76 | R39: =P39+Q39 -> 2072.76 | S39: =IF(G39>0, R39/G39, 0) -> 0.026942569 | T39: 220 | V39: No | W39: ▼
A40: GVT&D | B40: Large Cap | C40: Consumption | D40: Core | E40: Tranch 2 | F40: 55 | G40: 228571.8 | H40: 4155.85 | I40: 0 | J40: 0 | K40: 0 | L40: 55 | M40: 228571.75 | N40: =IFERROR(INDEX(Price_Update!$F:$F, MATCH(A40, Price_Update!$A:$A, 0)), 4964.5) -> 4964.5 | O40: =L40*N40 -> 273047.5 | P40: 0 | Q40: =O40-M40 -> 44475.75 | R40: =P40+Q40 -> 44475.75 | S40: =IF(G40>0, R40/G40, 0) -> 0.19458109 | T40: 87 | V40: No | W40: ▲
A41: HBLENGINE | B41: Small Cap | C41: Industrial | D41: Core | E41: Cheat 1 | F41: 263 | G41: 227676.3 | H41: 865.69 | I41: 226 | J41: 149562.45 | K41: 661.78 | L41: 37 | M41: 32030.53 | N41: =IFERROR(INDEX(Price_Update!$F:$F, MATCH(A41, Price_Update!$A:$A, 0)), 786.25) -> 786.25 | O41: =L41*N41 -> 29091.25 | P41: -46083.49 | Q41: =O41-M41 -> -2939.28 | R41: =P41+Q41 -> -49022.77 | S41: =IF(G41>0, R41/G41, 0) -> -0.21531784 | T41: 2 | V41: No | W41: ▼
A42: HBLENGINE | B42: Small Cap | C42: Industrial | D42: Core | E42: Cheat 1 | F42: 263 | G42: 227676.3 | H42: 865.69 | I42: 226 | J42: 149562.45 | K42: 661.78 | L42: 37 | M42: 32030.53 | N42: =IFERROR(INDEX(Price_Update!$F:$F, MATCH(A42, Price_Update!$A:$A, 0)), 786.25) -> 786.25 | O42: =L42*N42 -> 29091.25 | P42: -46083.49 | Q42: =O42-M42 -> -2939.28 | R42: =P42+Q42 -> -49022.77 | S42: =IF(G42>0, R42/G42, 0) -> -0.21531784 | T42: 2 | V42: No | W42: ▼
A43: HINDALCO | B43: Large Cap | C43: Industrial | D43: Satellite | E43: Tranch 4 | F43: 443 | G43: 399790.8 | H43: 902.46 | I43: 103 | J43: 99714.35 | K43: 968.1 | L43: 340 | M43: 306836.4 | N43: =IFERROR(INDEX(Price_Update!$F:$F, MATCH(A43, Price_Update!$A:$A, 0)), 1138.9) -> 1138.9 | O43: =L43*N43 -> 387226 | P43: 6760.97 | Q43: =O43-M43 -> 80389.6 | R43: =P43+Q43 -> 87150.57 | S43: =IF(G43>0, R43/G43, 0) -> 0.21799043 | T43: 241 | V43: No | W43: ▼
A44: HINDPETRO | B44: Mid Cap | C44: Industrial | D44: Satellite | F44: 205 | G44: 99086.75 | H44: 483.35 | I44: 205 | J44: 75235 | K44: 367 | L44: 0 | M44: 0 | N44: =IFERROR(INDEX(Price_Update!$F:$F, MATCH(A44, Price_Update!$A:$A, 0)), 384.1) -> 384.1 | O44: =L44*N44 -> 0 | P44: -23851.75 | Q44: =O44-M44 -> 0 | R44: =P44+Q44 -> -23851.75 | S44: =IF(G44>0, R44/G44, 0) -> -0.24071584 | T44: 193 | V44: No | W44: ▲
A45: IOC | B45: Large Cap | C45: Industrial | D45: Satellite | F45: 386 | G45: 70186.3 | H45: 181.83 | I45: 386 | J45: 52592.5 | K45: 136.25 | L45: 0 | M45: 0 | N45: =IFERROR(INDEX(Price_Update!$F:$F, MATCH(A45, Price_Update!$A:$A, 0)), 137.38) -> 137.38 | O45: =L45*N45 -> 0 | P45: -17593.88 | Q45: =O45-M45 -> 0 | R45: =P45+Q45 -> -17593.88 | S45: =IF(G45>0, R45/G45, 0) -> -0.25067399 | T45: 193 | V45: No | W45: ▼
A46: JBMA | B46: Small Cap | C46: Consumption | D46: Satellite | F46: 35 | G46: 25089.75 | H46: 716.85 | I46: 35 | J46: 22651.75 | K46: 647.19 | L46: 0 | M46: 0 | N46: =IFERROR(INDEX(Price_Update!$F:$F, MATCH(A46, Price_Update!$A:$A, 0)), 669.25) -> 669.25 | O46: =L46*N46 -> 0 | P46: -2438 | Q46: =O46-M46 -> 0 | R46: =P46+Q46 -> -2438 | S46: =IF(G46>0, R46/G46, 0) -> -0.097171156 | T46: 31 | V46: No | W46: ▲
A47: JKTYRE | B47: Small Cap | C47: Consumption | D47: Satellite | F47: 196 | G47: 100079.5 | H47: 510.61 | I47: 196 | J47: 82398.4 | K47: 420.4 | L47: 0 | M47: 0 | N47: =IFERROR(INDEX(Price_Update!$F:$F, MATCH(A47, Price_Update!$A:$A, 0)), 386) -> 386 | O47: =L47*N47 -> 0 | P47: -17681.16 | Q47: =O47-M47 -> 0 | R47: =P47+Q47 -> -17681.16 | S47: =IF(G47>0, R47/G47, 0) -> -0.17667115 | T47: 70 | V47: No | W47: ▼
A48: KEI | B48: Mid Cap | C48: Consumption | D48: Core | E48: Cheat 1 | F48: 6 | G48: 31134 | H48: 5189 | I48: 0 | J48: 0 | K48: 0 | L48: 6 | M48: 31134 | N48: =IFERROR(INDEX(Price_Update!$F:$F, MATCH(A48, Price_Update!$A:$A, 0)), 5222) -> 5222 | O48: =L48*N48 -> 31332 | P48: 0 | Q48: =O48-M48 -> 198 | R48: =P48+Q48 -> 198 | S48: =IF(G48>0, R48/G48, 0) -> 0.0063596069 | T48: 2 | V48: No | W48: ▼
A49: KIRLOSENG | B49: Small Cap | C49: Industrial | D49: Satellite | F49: 19 | G49: 24977.4 | H49: 1314.6 | I49: 19 | J49: 21475.7 | K49: 1130.3 | L49: 0 | M49: 0 | N49: =IFERROR(INDEX(Price_Update!$F:$F, MATCH(A49, Price_Update!$A:$A, 0)), 1889.5) -> 1889.5 | O49: =L49*N49 -> 0 | P49: -3501.7 | Q49: =O49-M49 -> 0 | R49: =P49+Q49 -> -3501.7 | S49: =IF(G49>0, R49/G49, 0) -> -0.14019474 | T49: 27 | V49: No | W49: ▲
A50: KRISHANA | B50: Small Cap | C50: Health / Pharma / Chem | D50: Core | E50: Cheat 1 | F50: 43 | G50: 29231.4 | H50: 679.8 | I50: 0 | J50: 0 | K50: 0 | L50: 43 | M50: 29231.4 | N50: =IFERROR(INDEX(Price_Update!$F:$F, MATCH(A50, Price_Update!$A:$A, 0)), 682.65) -> 682.65 | O50: =L50*N50 -> 29353.95 | P50: 0 | Q50: =O50-M50 -> 122.55 | R50: =P50+Q50 -> 122.55 | S50: =IF(G50>0, R50/G50, 0) -> 0.0041924095 | T50: 2 | V50: No | W50: ▼
A51: LALPATHLAB | B51: Small Cap | C51: Health / Pharma / Chem | D51: Core | E51: Cheat 1 | F51: 18 | G51: 28119.6 | H51: 1562.2 | I51: 0 | J51: 0 | K51: 0 | L51: 18 | M51: 28119.6 | N51: =IFERROR(INDEX(Price_Update!$F:$F, MATCH(A51, Price_Update!$A:$A, 0)), 1569.6) -> 1569.6 | O51: =L51*N51 -> 28252.8 | P51: 0 | Q51: =O51-M51 -> 133.2 | R51: =P51+Q51 -> 133.2 | S51: =IF(G51>0, R51/G51, 0) -> 0.0047369095 | T51: 2 | V51: No | W51: ▲
A52: LAURUSLABS | B52: Mid Cap | C52: Health / Pharma / Chem | D52: Satellite | E52: Tranch 1 | F52: 75 | G52: 101281 | H52: 1350.41 | I52: 0 | J52: 0 | K52: 0 | L52: 75 | M52: 101280.75 | N52: =IFERROR(INDEX(Price_Update!$F:$F, MATCH(A52, Price_Update!$A:$A, 0)), 1394.3) -> 1394.3 | O52: =L52*N52 -> 104572.5 | P52: 0 | Q52: =O52-M52 -> 3291.75 | R52: =P52+Q52 -> 3291.75 | S52: =IF(G52>0, R52/G52, 0) -> 0.03250116 | T52: 20 | V52: No | W52: ▲
A53: M&M | B53: Large Cap | C53: Industrial | D53: Core | E53: Cheat 1 | F53: 16 | G53: 50032 | H53: 3127 | I53: 0 | J53: 0 | K53: 0 | L53: 16 | M53: 50032 | N53: =IFERROR(INDEX(Price_Update!$F:$F, MATCH(A53, Price_Update!$A:$A, 0)), 3011.1) -> 3011.1 | O53: =L53*N53 -> 48177.6 | P53: 0 | Q53: =O53-M53 -> -1854.4 | R53: =P53+Q53 -> -1854.4 | S53: =IF(G53>0, R53/G53, 0) -> -0.037064279 | T53: 20 | V53: No | W53: ▲
A54: MAHABANK | B54: Mid Cap | C54: Finance | D54: Satellite | F54: 1315 | G54: 100907.4 | H54: 76.74 | I54: 1315 | J54: 105902.05 | K54: 80.53 | L54: 0 | M54: 0 | N54: =IFERROR(INDEX(Price_Update!$F:$F, MATCH(A54, Price_Update!$A:$A, 0)), 79.7) -> 79.7 | O54: =L54*N54 -> 0 | P54: 4988.95 | Q54: =O54-M54 -> 0 | R54: =P54+Q54 -> 4988.95 | S54: =IF(G54>0, R54/G54, 0) -> 0.049440874 | T54: 124 | V54: No | W54: ▲
A55: MAZDOCK | B55: Mid Cap | C55: Industrial | D55: Satellite | F55: 19 | G55: 50977 | H55: 2683 | I55: 19 | J55: 47612.048 | K55: 2505.9 | L55: 0 | M55: 0 | N55: =IFERROR(INDEX(Price_Update!$F:$F, MATCH(A55, Price_Update!$A:$A, 0)), 2441.8) -> 2441.8 | O55: =L55*N55 -> 0 | P55: -3364.95 | Q55: =O55-M55 -> 0 | R55: =P55+Q55 -> -3364.95 | S55: =IF(G55>0, R55/G55, 0) -> -0.066009181 | T55: 18 | V55: No | W55: ▼
A56: METROPOLIS | B56: Small Cap | C56: Health / Pharma / Chem | D56: Core | E56: Cheat 1 | F56: 222 | G56: 120896 | H56: 544.58 | I56: 168 | J56: 81102.5 | K56: 482.75 | L56: 54 | M56: 29407.32 | N56: =IFERROR(INDEX(Price_Update!$F:$F, MATCH(A56, Price_Update!$A:$A, 0)), 536.15) -> 536.15 | O56: =L56*N56 -> 28952.1 | P56: -10386.94 | Q56: =O56-M56 -> -455.22 | R56: =P56+Q56 -> -10842.16 | S56: =IF(G56>0, R56/G56, 0) -> -0.08968171 | T56: 2 | U56: 4:1 Split on 2026-03-20 | V56: No | W56: ▼
A57: METROPOLIS | B57: Small Cap | C57: Health / Pharma / Chem | D57: Core | E57: Cheat 1 | F57: 222 | G57: 120896 | H57: 544.58 | I57: 168 | J57: 81102.5 | K57: 482.75 | L57: 54 | M57: 29407.32 | N57: =IFERROR(INDEX(Price_Update!$F:$F, MATCH(A57, Price_Update!$A:$A, 0)), 536.15) -> 536.15 | O57: =L57*N57 -> 28952.1 | P57: -10386.94 | Q57: =O57-M57 -> -455.22 | R57: =P57+Q57 -> -10842.16 | S57: =IF(G57>0, R57/G57, 0) -> -0.08968171 | T57: 2 | U57: 4:1 Split on 2026-03-20 | V57: No | W57: ▼
A58: MRPL | B58: Small Cap | C58: Industrial | D58: Satellite | F58: 121 | G58: 24998.6 | H58: 206.6 | I58: 121 | J58: 19294.6 | K58: 159.46 | L58: 0 | M58: 0 | N58: =IFERROR(INDEX(Price_Update!$F:$F, MATCH(A58, Price_Update!$A:$A, 0)), 154.16) -> 154.16 | O58: =L58*N58 -> 0 | P58: -5704 | Q58: =O58-M58 -> 0 | R58: =P58+Q58 -> -5704 | S58: =IF(G58>0, R58/G58, 0) -> -0.22817278 | T58: 59 | V58: No | W58: ▲
A59: NAVINFLUOR | B59: Mid Cap | C59: Health / Pharma / Chem | D59: Core | E59: Cheat 1 | F59: 4 | G59: 28200 | H59: 7050 | I59: 0 | J59: 0 | K59: 0 | L59: 4 | M59: 28200 | N59: =IFERROR(INDEX(Price_Update!$F:$F, MATCH(A59, Price_Update!$A:$A, 0)), 7035.5) -> 7035.5 | O59: =L59*N59 -> 28142 | P59: 0 | Q59: =O59-M59 -> -58 | R59: =P59+Q59 -> -58 | S59: =IF(G59>0, R59/G59, 0) -> -0.0020567376 | T59: 2 | V59: No | W59: ▼
A60: NETWEB | B60: Small Cap | C60: Tech / Platform / IT | D60: Satellite | E60: Cheat 1 | F60: 11 | G60: 50590.301 | H60: 4599.12 | I60: 0 | J60: 0 | K60: 0 | L60: 11 | M60: 50590.32 | N60: =IFERROR(INDEX(Price_Update!$F:$F, MATCH(A60, Price_Update!$A:$A, 0)), 4705.3) -> 4705.3 | O60: =L60*N60 -> 51758.3 | P60: 0 | Q60: =O60-M60 -> 1167.98 | R60: =P60+Q60 -> 1167.98 | S60: =IF(G60>0, R60/G60, 0) -> 0.023087034 | T60: 3 | V60: No | W60: ▼
A61: NGLFINE | B61: Small Cap | C61: Health / Pharma / Chem | D61: Core | E61: Cheat 1 | F61: 11 | G61: 29260 | H61: 2660 | I61: 0 | J61: 0 | K61: 0 | L61: 11 | M61: 29260 | N61: =IFERROR(INDEX(Price_Update!$F:$F, MATCH(A61, Price_Update!$A:$A, 0)), 2645.1) -> 2645.1 | O61: =L61*N61 -> 29096.1 | P61: 0 | Q61: =O61-M61 -> -163.9 | R61: =P61+Q61 -> -163.9 | S61: =IF(G61>0, R61/G61, 0) -> -0.0056015038 | T61: 2 | V61: No | W61: ▼
A62: NH | B62: Mid Cap | C62: Health / Pharma / Chem | D62: Core | E62: Cheat 1 | F62: 15 | G62: 28659.7 | H62: 1910.65 | I62: 0 | J62: 0 | K62: 0 | L62: 15 | M62: 28659.75 | N62: =IFERROR(INDEX(Price_Update!$F:$F, MATCH(A62, Price_Update!$A:$A, 0)), 1980.6) -> 1980.6 | O62: =L62*N62 -> 29709 | P62: 0 | Q62: =O62-M62 -> 1049.25 | R62: =P62+Q62 -> 1049.25 | S62: =IF(G62>0, R62/G62, 0) -> 0.036610641 | T62: 2 | V62: No | W62: ▲
A63: NIFTYBEES | C63: Consumption | D63: Satellite | F63: 92 | G63: 25078.28 | H63: 272.59 | I63: 92 | J63: 24499.6 | K63: 266.3 | L63: 0 | M63: 0 | N63: =IFERROR(INDEX(Price_Update!$F:$F, MATCH(A63, Price_Update!$A:$A, 0)), 266.02) -> 266.02 | O63: =L63*N63 -> 0 | P63: -578.68 | Q63: =O63-M63 -> 0 | R63: =P63+Q63 -> -578.68 | S63: =IF(G63>0, R63/G63, 0) -> -0.023074948 | T63: 72 | V63: No | W63: ▲
A64: NMDC | B64: Mid Cap | C64: Industrial | D64: Satellite | F64: 300 | G64: 25347 | H64: 84.49 | I64: 300 | J64: 26256 | K64: 87.52 | L64: 0 | M64: 0 | N64: =IFERROR(INDEX(Price_Update!$F:$F, MATCH(A64, Price_Update!$A:$A, 0)), 96.04) -> 96.04 | O64: =L64*N64 -> 0 | P64: 909 | Q64: =O64-M64 -> 0 | R64: =P64+Q64 -> 909 | S64: =IF(G64>0, R64/G64, 0) -> 0.035862232 | T64: 147 | V64: No | W64: ▲
A65: NRBBEARING | B65: Small Cap | C65: Industrial | D65: Satellite | E65: Cheat 2 | F65: 133 | G65: 50270 | H65: 377.97 | I65: 0 | J65: 0 | K65: 0 | L65: 133 | M65: 50270.01 | N65: =IFERROR(INDEX(Price_Update!$F:$F, MATCH(A65, Price_Update!$A:$A, 0)), 357.35) -> 357.35 | O65: =L65*N65 -> 47527.55 | P65: 0 | Q65: =O65-M65 -> -2742.46 | R65: =P65+Q65 -> -2742.46 | S65: =IF(G65>0, R65/G65, 0) -> -0.054554605 | T65: 13 | V65: No | W65: ▲
A66: OFSS | B66: Mid Cap | C66: Technology | D66: Core | E66: Cheat 1 | F66: 3 | G66: 30903 | H66: 10301 | I66: 0 | J66: 0 | K66: 0 | L66: 3 | M66: 30903 | N66: =IFERROR(INDEX(Price_Update!$F:$F, MATCH(A66, Price_Update!$A:$A, 0)), 9997.5) -> 9997.5 | O66: =L66*N66 -> 29992.5 | P66: 0 | Q66: =O66-M66 -> -910.5 | R66: =P66+Q66 -> -910.5 | S66: =IF(G66>0, R66/G66, 0) -> -0.029463159 | T66: 2 | V66: No | W66: ▼
A67: PIDILITIND | B67: Large Cap | C67: Health / Pharma / Chem | D67: Core | F67: 60 | G67: 93744 | H67: 1562.4 | I67: 60 | J67: 88621.5 | K67: 1477.02 | L67: 0 | M67: 0 | N67: =IFERROR(INDEX(Price_Update!$F:$F, MATCH(A67, Price_Update!$A:$A, 0)), 1469.2) -> 1469.2 | O67: =L67*N67 -> 0 | P67: -5122.5 | Q67: =O67-M67 -> 0 | R67: =P67+Q67 -> -5122.5 | S67: =IF(G67>0, R67/G67, 0) -> -0.054643497 | T67: 24 | U67: 2:1 Split on 2025-09-23 | V67: No | W67: ▲
A68: PNB | B68: Large Cap | C68: Finance | D68: Satellite | F68: 200 | G68: 25540.1 | H68: 127.7 | I68: 200 | J68: 23912 | K68: 119.56 | L68: 0 | M68: 0 | N68: =IFERROR(INDEX(Price_Update!$F:$F, MATCH(A68, Price_Update!$A:$A, 0)), 105.8) -> 105.8 | O68: =L68*N68 -> 0 | P68: -1628 | Q68: =O68-M68 -> 0 | R68: =P68+Q68 -> -1628 | S68: =IF(G68>0, R68/G68, 0) -> -0.063742898 | T68: 17 | V68: No | W68: ▲
A69: POCL | B69: Small Cap | C69: Industrial | D69: Satellite | F69: 70 | G69: 99582.6 | H69: 1422.61 | I69: 70 | J69: 90500.5 | K69: 1292.86 | L69: 0 | M69: 0 | N69: =IFERROR(INDEX(Price_Update!$F:$F, MATCH(A69, Price_Update!$A:$A, 0)), 1315.9) -> 1315.9 | O69: =L69*N69 -> 0 | P69: -9082.2 | Q69: =O69-M69 -> 0 | R69: =P69+Q69 -> -9082.2 | S69: =IF(G69>0, R69/G69, 0) -> -0.09120268 | T69: 25 | V69: No | W69: ▼
A70: POLYCAB | B70: Large Cap | C70: Consumption | D70: Core | E70: Tranch 4 | F70: 53 | G70: 414743 | H70: 7825.34 | I70: 0 | J70: 0 | K70: 0 | L70: 53 | M70: 414743.02 | N70: =IFERROR(INDEX(Price_Update!$F:$F, MATCH(A70, Price_Update!$A:$A, 0)), 9571.5) -> 9571.5 | O70: =L70*N70 -> 507289.5 | P70: 0 | Q70: =O70-M70 -> 92546.48 | R70: =P70+Q70 -> 92546.48 | S70: =IF(G70>0, R70/G70, 0) -> 0.22314175 | T70: 269 | V70: No | W70: ▲
A71: POONAWALLA | B71: Mid Cap | C71: Finance | D71: Satellite | F71: 188 | G71: 99892.65 | H71: 531.34 | I71: 188 | J71: 90619.1 | K71: 482.02 | L71: 0 | M71: 0 | N71: =IFERROR(INDEX(Price_Update!$F:$F, MATCH(A71, Price_Update!$A:$A, 0)), 399.3) -> 399.3 | O71: =L71*N71 -> 0 | P71: -9272.82 | Q71: =O71-M71 -> 0 | R71: =P71+Q71 -> -9272.82 | S71: =IF(G71>0, R71/G71, 0) -> -0.092827851 | T71: 21 | V71: No | W71: ▲
A72: POWERINDIA | B72: Large Cap | C72: Industrial | D72: Core | E72: Cheat 1 | F72: 1 | G72: 35105 | H72: 35105 | I72: 0 | J72: 0 | K72: 0 | L72: 1 | M72: 35105 | N72: =IFERROR(INDEX(Price_Update!$F:$F, MATCH(A72, Price_Update!$A:$A, 0)), 35190) -> 35190 | O72: =L72*N72 -> 35190 | P72: 0 | Q72: =O72-M72 -> 85 | R72: =P72+Q72 -> 85 | S72: =IF(G72>0, R72/G72, 0) -> 0.0024213075 | T72: 2 | V72: No | W72: ▲
A73: PRECWIRE | B73: Small Cap | C73: Industrial | D73: Satellite | F73: 204 | G73: 48757.69 | H73: 239.01 | I73: 220 | J73: 54098 | K73: 245.9 | L73: -16 | M73: -3824.16 | N73: =IFERROR(INDEX(Price_Update!$F:$F, MATCH(A73, Price_Update!$A:$A, 0)), 436.7) -> 436.7 | O73: =L73*N73 -> -6987.2 | P73: 1515.8 | Q73: =O73-M73 -> -3163.04 | R73: =P73+Q73 -> -1647.24 | S73: =IF(G73>0, R73/G73, 0) -> -0.033784209 | T73: 241 | V73: No | W73: ▲
A74: PSPPROJECT | B74: Small Cap | C74: Industrial | D74: Core | E74: Cheat 1 | F74: 35 | G74: 29351 | H74: 838.6 | I74: 0 | J74: 0 | K74: 0 | L74: 35 | M74: 29351 | N74: =IFERROR(INDEX(Price_Update!$F:$F, MATCH(A74, Price_Update!$A:$A, 0)), 820.05) -> 820.05 | O74: =L74*N74 -> 28701.75 | P74: 0 | Q74: =O74-M74 -> -649.25 | R74: =P74+Q74 -> -649.25 | S74: =IF(G74>0, R74/G74, 0) -> -0.0221202 | T74: 2 | V74: No | W74: ▼
A75: RAINBOW | B75: Small Cap | C75: Health / Pharma / Chem | D75: Core | E75: Cheat 1 | F75: 21 | G75: 27948.9 | H75: 1330.9 | I75: 0 | J75: 0 | K75: 0 | L75: 21 | M75: 27948.9 | N75: =IFERROR(INDEX(Price_Update!$F:$F, MATCH(A75, Price_Update!$A:$A, 0)), 1354.2) -> 1354.2 | O75: =L75*N75 -> 28438.2 | P75: 0 | Q75: =O75-M75 -> 489.3 | R75: =P75+Q75 -> 489.3 | S75: =IF(G75>0, R75/G75, 0) -> 0.01750695 | T75: 2 | V75: No | W75: ▲
A76: RAJRATAN | B76: Small Cap | C76: Industrial | D76: Satellite | F76: 10 | G76: 4835.5 | H76: 483.55 | I76: 10 | J76: 4193 | K76: 419.3 | L76: 0 | M76: 0 | N76: =IFERROR(INDEX(Price_Update!$F:$F, MATCH(A76, Price_Update!$A:$A, 0)), 412.65) -> 412.65 | O76: =L76*N76 -> 0 | P76: -642.5 | Q76: =O76-M76 -> 0 | R76: =P76+Q76 -> -642.5 | S76: =IF(G76>0, R76/G76, 0) -> -0.13287147 | T76: 15 | V76: No | W76: ▼
A77: SBCL | B77: Small Cap | C77: Industrial | D77: Core | E77: Cheat 1 | F77: 40 | G77: 29187.3 | H77: 729.68 | I77: 0 | J77: 0 | K77: 0 | L77: 40 | M77: 29187.2 | N77: =IFERROR(INDEX(Price_Update!$F:$F, MATCH(A77, Price_Update!$A:$A, 0)), 723.9) -> 723.9 | O77: =L77*N77 -> 28956 | P77: 0 | Q77: =O77-M77 -> -231.2 | R77: =P77+Q77 -> -231.2 | S77: =IF(G77>0, R77/G77, 0) -> -0.0079212534 | T77: 2 | V77: No | W77: ▼
A78: SBIN | B78: Large Cap | C78: Finance | D78: Satellite | F78: 208 | G78: 233369.9 | H78: 1121.97 | I78: 278 | J78: 269743.4 | K78: 970.3 | L78: -70 | M78: -78537.9 | N78: =IFERROR(INDEX(Price_Update!$F:$F, MATCH(A78, Price_Update!$A:$A, 0)), 970.45) -> 970.45 | O78: =L78*N78 -> -67931.5 | P78: -42164.26 | Q78: =O78-M78 -> 10606.4 | R78: =P78+Q78 -> -31557.86 | S78: =IF(G78>0, R78/G78, 0) -> -0.13522678 | T78: 213 | V78: No | W78: ▲
A79: SEAMECLTD | B79: Small Cap | C79: Industrial | D79: Satellite | E79: Cheat 4 | F79: 42 | G79: 56862.5 | H79: 1353.87 | I79: 0 | J79: 0 | K79: 0 | L79: 42 | M79: 56862.54 | N79: =IFERROR(INDEX(Price_Update!$F:$F, MATCH(A79, Price_Update!$A:$A, 0)), 1617.3) -> 1617.3 | O79: =L79*N79 -> 67926.6 | P79: 0 | Q79: =O79-M79 -> 11064.06 | R79: =P79+Q79 -> 11064.06 | S79: =IF(G79>0, R79/G79, 0) -> 0.19457569 | T79: 125 | V79: No | W79: ▼
A80: SFL | B80: Small Cap | C80: Consumption | D80: Satellite | E80: Cheat 1 | F80: 40 | G80: 25568 | H80: 639.2 | I80: 0 | J80: 0 | K80: 0 | L80: 40 | M80: 25568 | N80: =IFERROR(INDEX(Price_Update!$F:$F, MATCH(A80, Price_Update!$A:$A, 0)), 599.35) -> 599.35 | O80: =L80*N80 -> 23974 | P80: 0 | Q80: =O80-M80 -> -1594 | R80: =P80+Q80 -> -1594 | S80: =IF(G80>0, R80/G80, 0) -> -0.062343554 | T80: 13 | V80: No | W80: ▼
A81: SKIPPER | B81: Small Cap | C81: Industrial | D81: Satellite | E81: Cheat 1 | F81: 92 | G81: 50324 | H81: 547 | I81: 0 | J81: 0 | K81: 0 | L81: 92 | M81: 50324 | N81: =IFERROR(INDEX(Price_Update!$F:$F, MATCH(A81, Price_Update!$A:$A, 0)), 570.5) -> 570.5 | O81: =L81*N81 -> 52486 | P81: 0 | Q81: =O81-M81 -> 2162 | R81: =P81+Q81 -> 2162 | S81: =IF(G81>0, R81/G81, 0) -> 0.042961609 | T81: 3 | V81: No | W81: ▼
A82: SOLARINDS | B82: Large Cap | C82: Industrial | D82: Core | E82: Cheat 2 | F82: 4 | G82: 62560 | H82: 15640 | I82: 0 | J82: 0 | K82: 0 | L82: 4 | M82: 62560 | N82: =IFERROR(INDEX(Price_Update!$F:$F, MATCH(A82, Price_Update!$A:$A, 0)), 18577) -> 18577 | O82: =L82*N82 -> 74308 | P82: 0 | Q82: =O82-M82 -> 11748 | R82: =P82+Q82 -> 11748 | S82: =IF(G82>0, R82/G82, 0) -> 0.18778772 | T82: 76 | V82: No | W82: ▲
A83: SOLARINDS | B83: Large Cap | C83: Industrial | D83: Core | E83: Cheat 2 | F83: 4 | G83: 62560 | H83: 15640 | I83: 0 | J83: 0 | K83: 0 | L83: 4 | M83: 62560 | N83: =IFERROR(INDEX(Price_Update!$F:$F, MATCH(A83, Price_Update!$A:$A, 0)), 18577) -> 18577 | O83: =L83*N83 -> 74308 | P83: 0 | Q83: =O83-M83 -> 11748 | R83: =P83+Q83 -> 11748 | S83: =IF(G83>0, R83/G83, 0) -> 0.18778772 | T83: 76 | V83: No | W83: ▲
A84: SOUTHBANK | B84: Small Cap | C84: Finance | D84: Satellite | F84: 600 | G84: 26682 | H84: 44.47 | I84: 600 | J84: 22532.01 | K84: 37.55 | L84: 0 | M84: 0 | N84: =IFERROR(INDEX(Price_Update!$F:$F, MATCH(A84, Price_Update!$A:$A, 0)), 43.6) -> 43.6 | O84: =L84*N84 -> 0 | P84: -4149.99 | Q84: =O84-M84 -> 0 | R84: =P84+Q84 -> -4149.99 | S84: =IF(G84>0, R84/G84, 0) -> -0.15553519 | T84: 14 | V84: No | W84: ▲
A85: SPLPETRO | B85: Small Cap | C85: Health / Pharma / Chem | D85: Satellite | F85: 57 | G85: 50160 | H85: 880 | I85: 57 | J85: 44850.6 | K85: 786.85 | L85: 0 | M85: 0 | N85: =IFERROR(INDEX(Price_Update!$F:$F, MATCH(A85, Price_Update!$A:$A, 0)), 706.35) -> 706.35 | O85: =L85*N85 -> 0 | P85: -5309.4 | Q85: =O85-M85 -> 0 | R85: =P85+Q85 -> -5309.4 | S85: =IF(G85>0, R85/G85, 0) -> -0.10584928 | T85: 9 | V85: No | W85: ▲
A86: SUNPHARMA | B86: Large Cap | C86: Health / Pharma / Chem | D86: Satellite | E86: Cheat 1 | F86: 26 | G86: 49379.2 | H86: 1899.2 | I86: 0 | J86: 0 | K86: 0 | L86: 26 | M86: 49379.2 | N86: =IFERROR(INDEX(Price_Update!$F:$F, MATCH(A86, Price_Update!$A:$A, 0)), 1788.5) -> 1788.5 | O86: =L86*N86 -> 46501 | P86: 0 | Q86: =O86-M86 -> -2878.2 | R86: =P86+Q86 -> -2878.2 | S86: =IF(G86>0, R86/G86, 0) -> -0.0582877 | T86: 17 | V86: No | W86: ▼
A87: SUPREMEIND | B87: Mid Cap | C87: Health / Pharma / Chem | D87: Core | F87: 20 | G87: 90180 | H87: 4509 | I87: 20 | J87: 83602.9 | K87: 4180.15 | L87: 0 | M87: 0 | N87: =IFERROR(INDEX(Price_Update!$F:$F, MATCH(A87, Price_Update!$A:$A, 0)), 3572.9) -> 3572.9 | O87: =L87*N87 -> 0 | P87: -6577.1 | Q87: =O87-M87 -> 0 | R87: =P87+Q87 -> -6577.1 | S87: =IF(G87>0, R87/G87, 0) -> -0.072933023 | T87: 25 | V87: No | W87: ▲
A88: SYRMA | B88: Small Cap | C88: Industrial | D88: Core | E88: Cheat 1 | F88: 26 | G88: 29975.4 | H88: 1152.9 | I88: 0 | J88: 0 | K88: 0 | L88: 26 | M88: 29975.4 | N88: =IFERROR(INDEX(Price_Update!$F:$F, MATCH(A88, Price_Update!$A:$A, 0)), 1195.3) -> 1195.3 | O88: =L88*N88 -> 31077.8 | P88: 0 | Q88: =O88-M88 -> 1102.4 | R88: =P88+Q88 -> 1102.4 | S88: =IF(G88>0, R88/G88, 0) -> 0.036776824 | T88: 2 | V88: No | W88: ▲
A89: TARIL | B89: Small Cap | C89: Industrial | D89: Satellite | F89: 80 | G89: 25175.98 | H89: 314.7 | I89: 80 | J89: 24328 | K89: 304.1 | L89: 0 | M89: 0 | N89: =IFERROR(INDEX(Price_Update!$F:$F, MATCH(A89, Price_Update!$A:$A, 0)), 311.75) -> 311.75 | O89: =L89*N89 -> 0 | P89: -848 | Q89: =O89-M89 -> 0 | R89: =P89+Q89 -> -848 | S89: =IF(G89>0, R89/G89, 0) -> -0.033682899 | T89: 84 | V89: No | W89: ▼
A90: TATATECH | B90: Small Cap | C90: Tech / Platform / IT | D90: Satellite | E90: Tranch 1 | F90: 145 | G90: 100201.25 | H90: 691.04 | I90: 0 | J90: 0 | K90: 0 | L90: 145 | M90: 100200.8 | N90: =IFERROR(INDEX(Price_Update!$F:$F, MATCH(A90, Price_Update!$A:$A, 0)), 731.05) -> 731.05 | O90: =L90*N90 -> 106002.25 | P90: 0 | Q90: =O90-M90 -> 5801.45 | R90: =P90+Q90 -> 5801.45 | S90: =IF(G90>0, R90/G90, 0) -> 0.05789798 | T90: 16 | V90: No | W90: ▼
A91: TDPOWERSYS | B91: Small Cap | C91: Industrial | D91: Core | E91: Tranch 3 | F91: 321 | G91: 305009.75 | H91: 950.19 | I91: 0 | J91: 0 | K91: 0 | L91: 321 | M91: 305010.99 | N91: =IFERROR(INDEX(Price_Update!$F:$F, MATCH(A91, Price_Update!$A:$A, 0)), 1286.3) -> 1286.3 | O91: =L91*N91 -> 412902.3 | P91: 0 | Q91: =O91-M91 -> 107891.31 | R91: =P91+Q91 -> 107891.31 | S91: =IF(G91>0, R91/G91, 0) -> 0.35373069 | T91: 112 | V91: No | W91: ▲
A92: THERMAX | B92: Mid Cap | C92: Industrial | D92: Satellite | E92: Cheat 2 | F92: 11 | G92: 54590.598 | H92: 4962.78 | I92: 0 | J92: 0 | K92: 0 | L92: 11 | M92: 54590.58 | N92: =IFERROR(INDEX(Price_Update!$F:$F, MATCH(A92, Price_Update!$A:$A, 0)), 4784.5) -> 4784.5 | O92: =L92*N92 -> 52629.5 | P92: 0 | Q92: =O92-M92 -> -1961.08 | R92: =P92+Q92 -> -1961.08 | S92: =IF(G92>0, R92/G92, 0) -> -0.035923402 | T92: 6 | V92: No | W92: ▼
A93: TIMKEN | B93: Small Cap | C93: Industrial | D93: Core | E93: Cheat 1 | F93: 8 | G93: 28160.801 | H93: 3520.1 | I93: 0 | J93: 0 | K93: 0 | L93: 8 | M93: 28160.8 | N93: =IFERROR(INDEX(Price_Update!$F:$F, MATCH(A93, Price_Update!$A:$A, 0)), 3491.9) -> 3491.9 | O93: =L93*N93 -> 27935.2 | P93: 0 | Q93: =O93-M93 -> -225.6 | R93: =P93+Q93 -> -225.6 | S93: =IF(G93>0, R93/G93, 0) -> -0.0080111358 | T93: 2 | V93: No | W93: ▼
A94: TIPSMUSIC | B94: Small Cap | C94: Technology | D94: Core | E94: Cheat 1 | F94: 43 | G94: 28541.25 | H94: 663.75 | I94: 0 | J94: 0 | K94: 0 | L94: 43 | M94: 28541.25 | N94: =IFERROR(INDEX(Price_Update!$F:$F, MATCH(A94, Price_Update!$A:$A, 0)), 659.85) -> 659.85 | O94: =L94*N94 -> 28373.55 | P94: 0 | Q94: =O94-M94 -> -167.7 | R94: =P94+Q94 -> -167.7 | S94: =IF(G94>0, R94/G94, 0) -> -0.0058757062 | T94: 2 | V94: No | W94: ▼
A95: TITAN | B95: Large Cap | C95: Consumption | D95: Core | F95: 25 | G95: 91567.5 | H95: 3662.7 | I95: 25 | J95: 84762.5 | K95: 3390.5 | L95: 0 | M95: 0 | N95: =IFERROR(INDEX(Price_Update!$F:$F, MATCH(A95, Price_Update!$A:$A, 0)), 4088.8) -> 4088.8 | O95: =L95*N95 -> 0 | P95: -6805 | Q95: =O95-M95 -> 0 | R95: =P95+Q95 -> -6805 | S95: =IF(G95>0, R95/G95, 0) -> -0.074316761 | T95: 25 | V95: No | W95: ▲
A96: TRITURBINE | B96: Small Cap | C96: Industrial | D96: Core | E96: Cheat 2 | F96: 114 | G96: 78698.7 | H96: 690.34 | I96: 0 | J96: 0 | K96: 0 | L96: 114 | M96: 78698.76 | N96: =IFERROR(INDEX(Price_Update!$F:$F, MATCH(A96, Price_Update!$A:$A, 0)), 668.85) -> 668.85 | O96: =L96*N96 -> 76248.9 | P96: 0 | Q96: =O96-M96 -> -2449.86 | R96: =P96+Q96 -> -2449.86 | S96: =IF(G96>0, R96/G96, 0) -> -0.031129612 | T96: 3 | V96: No | W96: ▼
A97: TVSSRICHAK | B97: Small Cap | C97: Consumption | D97: Satellite | F97: 22 | G97: 101483.5 | H97: 4612.89 | I97: 22 | J97: 88669.198 | K97: 4030.42 | L97: 0 | M97: 0 | N97: =IFERROR(INDEX(Price_Update!$F:$F, MATCH(A97, Price_Update!$A:$A, 0)), 3968.9) -> 3968.9 | O97: =L97*N97 -> 0 | P97: -12814.38 | Q97: =O97-M97 -> 0 | R97: =P97+Q97 -> -12814.38 | S97: =IF(G97>0, R97/G97, 0) -> -0.12627058 | T97: 60 | V97: No | W97: ▲
A98: UNOMINDA | B98: Mid Cap | C98: Consumption | D98: Core | F98: 37 | G98: 47700.4 | H98: 1289.2 | I98: 71 | J98: 77517.8 | K98: 1091.8 | L98: -34 | M98: -43832.8 | N98: =IFERROR(INDEX(Price_Update!$F:$F, MATCH(A98, Price_Update!$A:$A, 0)), 1082.7) -> 1082.7 | O98: =L98*N98 -> -36811.8 | P98: -14015.4 | Q98: =O98-M98 -> 7021 | R98: =P98+Q98 -> -6994.4 | S98: =IF(G98>0, R98/G98, 0) -> -0.14663189 | T98: 268 | V98: No | W98: ▼
A99: VBL | B99: Large Cap | C99: Consumption | D99: Core | E99: Cheat 1 | F99: 55 | G99: 29356.25 | H99: 533.75 | I99: 0 | J99: 0 | K99: 0 | L99: 55 | M99: 29356.25 | N99: =IFERROR(INDEX(Price_Update!$F:$F, MATCH(A99, Price_Update!$A:$A, 0)), 533.4) -> 533.4 | O99: =L99*N99 -> 29337 | P99: 0 | Q99: =O99-M99 -> -19.25 | R99: =P99+Q99 -> -19.25 | S99: =IF(G99>0, R99/G99, 0) -> -0.0006557377 | T99: 2 | V99: No | W99: ▼
A100: VOLTAMP | B100: Small Cap | C100: Industrial | D100: Satellite | F100: 10 | G100: 100330 | H100: 10033 | I100: 10 | J100: 99010 | K100: 9901 | L100: 0 | M100: 0 | N100: =IFERROR(INDEX(Price_Update!$F:$F, MATCH(A100, Price_Update!$A:$A, 0)), 9375) -> 9375 | O100: =L100*N100 -> 0 | P100: -1320 | Q100: =O100-M100 -> 0 | R100: =P100+Q100 -> -1320 | S100: =IF(G100>0, R100/G100, 0) -> -0.013156583 | T100: 1 | V100: No | W100: ▲
...

Sheet Price_Update
E1: =SUM(E3:E30) -> 2069783 | G1: =SUM(G3:G30) -> 2255727 | H1: =SUM(H3:H30) -> 185944
A2: Symbol | B2: Stock Name | C2: Quantity | D2: Buy Price | E2: Invested Value | F2: LTP | G2: Current Value | H2: P/L | I2: Previous Day Close | J2: 1 Day Change % | K2: SL Price | L2: SL-LTP Diff
A3: ACUTAAS | B3: #VALUE! | C3: 28 | D3: 2802.75 | E3: =C3*D3 -> 78477 | F3: {=_FV(B3,"Price")} -> 3135.7 | G3: =C3*F3 -> 87799.6 | H3: =G3-E3 -> 9322.6 | I3: {=_FV(B3,"Previous close",TRUE)} -> 3037.6 | J3: =(F3-I3)/I3 -> 0.032295233 | K3: 2457 | L3: 577.8
A4: AIAENG | B4: #VALUE! | C4: 6 | D4: 4554.1 | E4: =C4*D4 -> 27324.6 | F4: {=_FV(B4,"Price")} -> 4521.3 | G4: =C4*F4 -> 27127.8 | H4: =G4-E4 -> -196.8 | I4: {=_FV(B4,"Previous close",TRUE)} -> 4552.3 | J4: =(F4-I4)/I4 -> -0.0068097445 | K4: 2454.48 | L4: 514.82
A5: APARINDS | B5: #VALUE! | C5: 4 | D5: 12829 | E5: =C5*D5 -> 51316 | F5: {=_FV(B5,"Price")} -> 13538 | G5: =C5*F5 -> 54152 | H5: =G5-E5 -> 2836 | I5: {=_FV(B5,"Previous close",TRUE)} -> 13270 | J5: =(F5-I5)/I5 -> 0.020195931 | K5: 2821.19 | L5: 275.91
A6: APLAPOLLO | B6: #VALUE! | C6: 96 | D6: 2100.8 | E6: =C6*D6 -> 201676.8 | F6: {=_FV(B6,"Price")} -> 1805.4 | G6: =C6*F6 -> 173318.4 | H6: =G6-E6 -> -28358.4 | I6: {=_FV(B6,"Previous close",TRUE)} -> 1769.2 | J6: =(F6-I6)/I6 -> 0.020461225 | K6: 2237.6 | L6: -363.5
A7: BAJAJ-AUTO | B7: #VALUE! | C7: 3 | D7: 10344 | E7: =C7*D7 -> 31032 | F7: {=_FV(B7,"Price")} -> 10259 | G7: =C7*F7 -> 30777 | H7: =G7-E7 -> -255 | I7: {=_FV(B7,"Previous close",TRUE)} -> 10281 | J7: =(F7-I7)/I7 -> -0.0021398697 | K7: 289.54 | L7: 122.56
A8: BSE | B8: #VALUE! | C8: 30 | D8: 3359 | E8: =C8*D8 -> 100770 | F8: {=_FV(B8,"Price")} -> 3966.1 | G8: =C8*F8 -> 118983 | H8: =G8-E8 -> 18213 | I8: {=_FV(B8,"Previous close",TRUE)} -> 3931.9 | J8: =(F8-I8)/I8 -> 0.0086980849 | K8: 1027.39 | L8: 329.61
A9: CAPLIPOINT | B9: #VALUE! | C9: 15 | D9: 1972.4 | E9: =C9*D9 -> 29586 | F9: {=_FV(B9,"Price")} -> 1972.9 | G9: =C9*F9 -> 29593.5 | H9: =G9-E9 -> 7.5 | I9: {=_FV(B9,"Previous close",TRUE)} -> 1988.1 | J9: =(F9-I9)/I9 -> -0.0076454907 | K9: 1355.04 | L9: 106.16
A10: CARYSIL | B10: #VALUE! | C10: 27 | D10: 1101.3 | E10: =C10*D10 -> 29735.1 | F10: {=_FV(B10,"Price")} -> 1138 | G10: =C10*F10 -> 30726 | H10: =G10-E10 -> 990.9 | I10: {=_FV(B10,"Previous close",TRUE)} -> 1113.5 | J10: =(F10-I10)/I10 -> 0.022002694 | K10: 1586.05 | L10: 287.35
A11: CCL | B11: #VALUE! | C11: 49 | D11: 1033.16 | E11: =C11*D11 -> 50624.84 | F11: {=_FV(B11,"Price")} -> 1078.2 | G11: =C11*F11 -> 52831.8 | H11: =G11-E11 -> 2206.96 | I11: {=_FV(B11,"Previous close",TRUE)} -> 1070.5 | J11: =(F11-I11)/I11 -> 0.0071929005 | K11: 3023.1 | L11: 1380.2
A12: CRAFTSMAN | B12: #VALUE! | C12: 6 | D12: 8958 | E12: =C12*D12 -> 53748 | F12: {=_FV(B12,"Price")} -> 8898.5 | G12: =C12*F12 -> 53391 | H12: =G12-E12 -> -357 | I12: {=_FV(B12,"Previous close",TRUE)} -> 8979 | J12: =(F12-I12)/I12 -> -0.0089653636 | K12: 929.84 | L12: 134.06
A13: FCL | B13: #VALUE! | C13: 685 | D13: 42.36 | E13: =C13*D13 -> 29016.6 | F13: {=_FV(B13,"Price")} -> 43.54 | G13: =C13*F13 -> 29824.9 | H13: =G13-E13 -> 808.3 | I13: {=_FV(B13,"Previous close",TRUE)} -> 42.36 | J13: =(F13-I13)/I13 -> 0.027856468 | K13: 720.73 | L13: 158.42
A14: FEDERALBNK | B14: #VALUE! | C14: 1172 | D14: 256.22 | E14: =C14*D14 -> 300289.84 | F14: {=_FV(B14,"Price")} -> 301.05 | G14: =C14*F14 -> 352830.6 | H14: =G14-E14 -> 52540.76 | I14: {=_FV(B14,"Previous close",TRUE)} -> 293.05 | J14: =(F14-I14)/I14 -> 0.027299096 | K14: 82.79 | L14: 45.05
... A30: PSPPROJECT | B30: #VALUE! | C30: 35 | D30: 838.6 | E30: =C30*D30 -> 29351 | F30: {=_FV(B30,"Price")} -> 820.05 | G30: =C30*F30 -> 28701.75 | H30: =G30-E30 -> -649.25 | I30: {=_FV(B30,"Previous close",TRUE)} -> 842.65 | J30: =(F30-I30)/I30 -> -0.026820151 | K30: 603.5 | L30: 102.8
A31: RAINBOW | B31: #VALUE! | C31: 21 | D31: 1330.9 | E31: =C31*D31 -> 27948.9 | F31: {=_FV(B31,"Price")} -> 1354.2 | G31: =C31*F31 -> 28438.2 | H31: =G31-E31 -> 489.3 | I31: {=_FV(B31,"Previous close",TRUE)} -> 1341.4 | J31: =(F31-I31)/I31 -> 0.0095422693
A32: SBCL | B32: #VALUE! | C32: 40 | D32: 729.68 | E32: =C32*D32 -> 29187.2 | F32: {=_FV(B32,"Price")} -> 723.9 | G32: =C32*F32 -> 28956 | H32: =G32-E32 -> -231.2 | I32: {=_FV(B32,"Previous close",TRUE)} -> 734.55 | J32: =(F32-I32)/I32 -> -0.014498673
A33: SOLARINDS | B33: #VALUE! | C33: 4 | D33: 15640 | E33: =C33*D33 -> 62560 | F33: {=_FV(B33,"Price")} -> 18577 | G33: =C33*F33 -> 74308 | H33: =G33-E33 -> 11748 | I33: {=_FV(B33,"Previous close",TRUE)} -> 18386 | J33: =(F33-I33)/I33 -> 0.010388339
A34: SOLARINDS | B34: #VALUE! | C34: 4 | D34: 15640 | E34: =C34*D34 -> 62560 | F34: {=_FV(B34,"Price")} -> 18577 | G34: =C34*F34 -> 74308 | H34: =G34-E34 -> 11748 | I34: {=_FV(B34,"Previous close",TRUE)} -> 18386 | J34: =(F34-I34)/I34 -> 0.010388339
A35: SYRMA | B35: #VALUE! | C35: 26 | D35: 1152.9 | E35: =C35*D35 -> 29975.4 | F35: {=_FV(B35,"Price")} -> 1195.3 | G35: =C35*F35 -> 31077.8 | H35: =G35-E35 -> 1102.4 | I35: {=_FV(B35,"Previous close",TRUE)} -> 1166.8 | J35: =(F35-I35)/I35 -> 0.02442578
A36: TDPOWERSYS | B36: #VALUE! | C36: 321 | D36: 950.19 | E36: =C36*D36 -> 305010.99 | F36: {=_FV(B36,"Price")} -> 1286.3 | G36: =C36*F36 -> 412902.3 | H36: =G36-E36 -> 107891.31 | I36: {=_FV(B36,"Previous close",TRUE)} -> 1235 | J36: =(F36-I36)/I36 -> 0.041538462
A37: TIMKEN | B37: #VALUE! | C37: 8 | D37: 3520.1 | E37: =C37*D37 -> 28160.8 | F37: {=_FV(B37,"Price")} -> 3491.9 | G37: =C37*F37 -> 27935.2 | H37: =G37-E37 -> -225.6 | I37: {=_FV(B37,"Previous close",TRUE)} -> 3529.2 | J37: =(F37-I37)/I37 -> -0.010568967
A38: TIPSMUSIC | B38: #VALUE! | C38: 43 | D38: 663.75 | E38: =C38*D38 -> 28541.25 | F38: {=_FV(B38,"Price")} -> 659.85 | G38: =C38*F38 -> 28373.55 | H38: =G38-E38 -> -167.7 | I38: {=_FV(B38,"Previous close",TRUE)} -> 672.3 | J38: =(F38-I38)/I38 -> -0.018518519
A39: TRITURBINE | B39: #VALUE! | C39: 114 | D39: 690.34 | E39: =C39*D39 -> 78698.76 | F39: {=_FV(B39,"Price")} -> 668.85 | G39: =C39*F39 -> 76248.9 | H39: =G39-E39 -> -2449.86 | I39: {=_FV(B39,"Previous close",TRUE)} -> 689.25 | J39: =(F39-I39)/I39 -> -0.029597388
A40: VBL | B40: #VALUE! | C40: 55 | D40: 533.75 | E40: =C40*D40 -> 29356.25 | F40: {=_FV(B40,"Price")} -> 533.4 | G40: =C40*F40 -> 29337 | H40: =G40-E40 -> -19.25 | I40: {=_FV(B40,"Previous close",TRUE)} -> 537 | J40: =(F40-I40)/I40 -> -0.0067039106
A41: ADANIENT | B41: #VALUE! | C41: 36 | D41: 2834.43 | E41: =C41*D41 -> 102039.48 | F41: {=_FV(B41,"Price")} -> 2925.6 | G41: =C41*F41 -> 105321.6 | H41: =G41-E41 -> 3282.12 | I41: {=_FV(B41,"Previous close",TRUE)} -> 2968.1 | J41: =(F41-I41)/I41 -> -0.014318925
A42: AJANTPHARM | B42: #VALUE! | C42: 14 | D42: 3134.66 | E42: =C42*D42 -> 43885.24 | F42: {=_FV(B42,"Price")} -> 2929.2 | G42: =C42*F42 -> 41008.8 | H42: =G42-E42 -> -2876.44 | I42: {=_FV(B42,"Previous close",TRUE)} -> 2912.2 | J42: =(F42-I42)/I42 -> 0.0058375112
... A62: ZYDUSLIFE | B62: #VALUE! | C62: 46 | D62: 1092.4 | E62: =C62*D62 -> 50250.4 | F62: {=_FV(B62,"Price")} -> 1076.6 | G62: =C62*F62 -> 49523.6 | H62: =G62-E62 -> -726.8 | I62: {=_FV(B62,"Previous close",TRUE)} -> 1078.3 | J62: =(F62-I62)/I62 -> -0.0015765557

Sheet Todo 
A1: S.No | B1: Details | C1: Bug/Change | D1: Status
A2: 1 | B2: Bring core - Watchlist | C2: Change | D2: Not Done
A3: 2 | B3: Transaction page - Seggregate core and satellite | C3: Change | D3: Done | N3: 900000
A4: 3 | B4: Dashboard - Formatting for Core & Satellite % | C4: Bug | D4: Done
A5: 4 | B5: Dashboard - Report separately Core & Satellite | C5: Change | D5: Done
A6: 5 | B6: Current_portfoli - Return % & XIRR % format change to % | C6: Bug | D6: Done
A7: 6 | B7: Dashboard - No need to have Core stop loss | C7: Change | D7: Done
A8: 7 | B8: Core stocks - SL calculation not required | C8: Change | D8: Not Done
A9: 8 | B9: Ridewinners Data - For Friday analysis | C9: Change | D9: Not Done
A10: 9 | B10: Bring Win - Loss ration in Dashboard | C10: Change | D10: Done
A11: 10 | B11: Bring Risk Reward Ratio in Dashboard | C11: Change | D11: Done
A12: 11 | B12: Journal feature for transaction | C12: Change | D12: Not Done
A13: 12 | B13: Current Portfolio - Graphical represenation of stocks trend by introducing a column | C13: Change | D13: Done
A14: 13 | B14: Dashboard - coroproate split - remove realized stock | C14: Change | D14: Done
A15: 14 | B15: Chron job - to update everything once in a day | C15: Change | D15: Not Done
... A17: 16 | B17: Top 5 cheat stocks holding period , needs to check the days for sold and bougtht again | C17: Bug | D17: Done
A18: 17
A19: 18
A20: 19
A21: 20
A22: 21
A23: 22
A24: 23
A25: 24
A26: 25
